Sat Oct 31 2020 09:35:49 GMT-0400 (Eastern Daylight Time), 74.8
Sat Oct 31 2020 09:36:49 GMT-0400 (Eastern Daylight Time), 74.7
Sat Oct 31 2020 09:37:49 GMT-0400 (Eastern Daylight Time), 74.5
Sat Oct 31 2020 09:38:49 GMT-0400 (Eastern Daylight Time), 74.3
Sat Oct 31 2020 09:39:49 GMT-0400 (Eastern Daylight Time), 74.3
Sat Oct 31 2020 09:40:49 GMT-0400 (Eastern Daylight Time), 74.5
Sat Oct 31 2020 09:41:49 GMT-0400 (Eastern Daylight Time), 74.8
Sat Oct 31 2020 09:42:49 GMT-0400 (Eastern Daylight Time), 75.2
Sat Oct 31 2020 09:43:49 GMT-0400 (Eastern Daylight Time), 75.6
Sat Oct 31 2020 09:44:51 GMT-0400 (Eastern Daylight Time), 75.6
Sat Oct 31 2020 09:45:51 GMT-0400 (Eastern Daylight Time), 76.5
Sat Oct 31 2020 09:46:51 GMT-0400 (Eastern Daylight Time), 77.0
Sat Oct 31 2020 09:47:51 GMT-0400 (Eastern Daylight Time), 77.4
Sat Oct 31 2020 09:48:51 GMT-0400 (Eastern Daylight Time), 77.7
Sat Oct 31 2020 09:49:52 GMT-0400 (Eastern Daylight Time), 77.9
Sat Oct 31 2020 09:50:52 GMT-0400 (Eastern Daylight Time), 78.1
Sat Oct 31 2020 09:51:52 GMT-0400 (Eastern Daylight Time), 78.1
Sat Oct 31 2020 09:52:53 GMT-0400 (Eastern Daylight Time), 77.9
Sat Oct 31 2020 09:53:53 GMT-0400 (Eastern Daylight Time), 77.7
Sat Oct 31 2020 09:54:53 GMT-0400 (Eastern Daylight Time), 77.2
Sat Oct 31 2020 09:55:54 GMT-0400 (Eastern Daylight Time), 76.8
Sat Oct 31 2020 09:56:54 GMT-0400 (Eastern Daylight Time), 76.5
Sat Oct 31 2020 09:57:54 GMT-0400 (Eastern Daylight Time), 75.2
Sat Oct 31 2020 09:58:54 GMT-0400 (Eastern Daylight Time), 73.6
Sat Oct 31 2020 09:59:54 GMT-0400 (Eastern Daylight Time), 73.2
Sat Oct 31 2020 10:00:59 GMT-0400 (Eastern Daylight Time), 73.0
Sat Oct 31 2020 10:02:00 GMT-0400 (Eastern Daylight Time), 73.0
Sat Oct 31 2020 10:03:00 GMT-0400 (Eastern Daylight Time), 73.0
Sat Oct 31 2020 10:04:00 GMT-0400 (Eastern Daylight Time), 73.0
Sat Oct 31 2020 10:05:00 GMT-0400 (Eastern Daylight Time), 73.0
Sat Oct 31 2020 10:06:00 GMT-0400 (Eastern Daylight Time), 73.2
Sat Oct 31 2020 10:07:00 GMT-0400 (Eastern Daylight Time), 73.6
Sat Oct 31 2020 10:08:00 GMT-0400 (Eastern Daylight Time), 73.8
Sat Oct 31 2020 10:09:00 GMT-0400 (Eastern Daylight Time), 74.3
Sat Oct 31 2020 10:10:00 GMT-0400 (Eastern Daylight Time), 74.8
Sat Oct 31 2020 10:11:00 GMT-0400 (Eastern Daylight Time), 75.2
Sat Oct 31 2020 10:12:00 GMT-0400 (Eastern Daylight Time), 75.7
Sat Oct 31 2020 10:13:00 GMT-0400 (Eastern Daylight Time), 76.3
Sat Oct 31 2020 10:14:01 GMT-0400 (Eastern Daylight Time), 76.6
Sat Oct 31 2020 10:15:01 GMT-0400 (Eastern Daylight Time), 77.2
Sat Oct 31 2020 10:16:02 GMT-0400 (Eastern Daylight Time), 77.4
Sat Oct 31 2020 10:17:02 GMT-0400 (Eastern Daylight Time), 77.5
Sat Oct 31 2020 10:18:02 GMT-0400 (Eastern Daylight Time), 77.7
Sat Oct 31 2020 10:19:02 GMT-0400 (Eastern Daylight Time), 77.7
Sat Oct 31 2020 10:20:02 GMT-0400 (Eastern Daylight Time), 77.4
Sat Oct 31 2020 10:21:02 GMT-0400 (Eastern Daylight Time), 77.2
Sat Oct 31 2020 10:22:03 GMT-0400 (Eastern Daylight Time), 76.8
Sat Oct 31 2020 10:23:03 GMT-0400 (Eastern Daylight Time), 76.6
Sat Oct 31 2020 10:24:04 GMT-0400 (Eastern Daylight Time), 76.3
Sat Oct 31 2020 10:25:04 GMT-0400 (Eastern Daylight Time), 75.9
Sat Oct 31 2020 10:26:05 GMT-0400 (Eastern Daylight Time), 75.6
Sat Oct 31 2020 10:27:05 GMT-0400 (Eastern Daylight Time), 75.4
Sat Oct 31 2020 10:28:06 GMT-0400 (Eastern Daylight Time), 75.0
Sat Oct 31 2020 10:29:06 GMT-0400 (Eastern Daylight Time), 74.7
Sat Oct 31 2020 10:30:07 GMT-0400 (Eastern Daylight Time), 74.5
Sat Oct 31 2020 10:31:07 GMT-0400 (Eastern Daylight Time), 74.1
Sat Oct 31 2020 10:32:07 GMT-0400 (Eastern Daylight Time), 73.9
Sat Oct 31 2020 10:33:08 GMT-0400 (Eastern Daylight Time), 73.9
Sat Oct 31 2020 10:34:08 GMT-0400 (Eastern Daylight Time), 74.1
Sat Oct 31 2020 10:35:08 GMT-0400 (Eastern Daylight Time), 74.3
Sat Oct 31 2020 10:36:08 GMT-0400 (Eastern Daylight Time), 74.5
Sat Oct 31 2020 10:37:08 GMT-0400 (Eastern Daylight Time), 75.0
Sat Oct 31 2020 10:38:09 GMT-0400 (Eastern Daylight Time), 75.4
Sat Oct 31 2020 10:39:09 GMT-0400 (Eastern Daylight Time), 75.7
Sat Oct 31 2020 10:40:09 GMT-0400 (Eastern Daylight Time), 76.3
Sat Oct 31 2020 10:41:09 GMT-0400 (Eastern Daylight Time), 76.6
Sat Oct 31 2020 10:42:09 GMT-0400 (Eastern Daylight Time), 77.2
Sat Oct 31 2020 10:43:09 GMT-0400 (Eastern Daylight Time), 77.5
Sat Oct 31 2020 10:44:09 GMT-0400 (Eastern Daylight Time), 77.7
Sat Oct 31 2020 10:45:10 GMT-0400 (Eastern Daylight Time), 77.7
Sat Oct 31 2020 10:46:10 GMT-0400 (Eastern Daylight Time), 77.7
Sat Oct 31 2020 10:47:11 GMT-0400 (Eastern Daylight Time), 77.5
Sat Oct 31 2020 10:48:11 GMT-0400 (Eastern Daylight Time), 77.4
Sat Oct 31 2020 10:49:11 GMT-0400 (Eastern Daylight Time), 77.0
Sat Oct 31 2020 10:50:11 GMT-0400 (Eastern Daylight Time), 76.6
Sat Oct 31 2020 10:51:11 GMT-0400 (Eastern Daylight Time), 76.3
Sat Oct 31 2020 10:52:12 GMT-0400 (Eastern Daylight Time), 75.9
Sat Oct 31 2020 10:53:13 GMT-0400 (Eastern Daylight Time), 75.7
Sat Oct 31 2020 10:54:13 GMT-0400 (Eastern Daylight Time), 75.4
Sat Oct 31 2020 10:55:13 GMT-0400 (Eastern Daylight Time), 75.0
Sat Oct 31 2020 10:56:13 GMT-0400 (Eastern Daylight Time), 74.8
Sat Oct 31 2020 10:57:14 GMT-0400 (Eastern Daylight Time), 74.5
Sat Oct 31 2020 10:58:14 GMT-0400 (Eastern Daylight Time), 74.1
Sat Oct 31 2020 10:59:14 GMT-0400 (Eastern Daylight Time), 74.1
Sat Oct 31 2020 11:00:14 GMT-0400 (Eastern Daylight Time), 73.9
Sat Oct 31 2020 11:01:15 GMT-0400 (Eastern Daylight Time), 73.9
Sat Oct 31 2020 11:02:15 GMT-0400 (Eastern Daylight Time), 74.3
Sat Oct 31 2020 11:03:15 GMT-0400 (Eastern Daylight Time), 74.5
Sat Oct 31 2020 11:04:16 GMT-0400 (Eastern Daylight Time), 74.8
Sat Oct 31 2020 11:05:16 GMT-0400 (Eastern Daylight Time), 75.2
Sat Oct 31 2020 11:06:16 GMT-0400 (Eastern Daylight Time), 75.6
Sat Oct 31 2020 11:07:16 GMT-0400 (Eastern Daylight Time), 76.1
Sat Oct 31 2020 11:08:16 GMT-0400 (Eastern Daylight Time), 76.6
Sat Oct 31 2020 11:09:16 GMT-0400 (Eastern Daylight Time), 77.0
Sat Oct 31 2020 11:10:16 GMT-0400 (Eastern Daylight Time), 77.2
Sat Oct 31 2020 11:11:16 GMT-0400 (Eastern Daylight Time), 77.2
Sat Oct 31 2020 11:12:16 GMT-0400 (Eastern Daylight Time), 77.2
Sat Oct 31 2020 11:13:16 GMT-0400 (Eastern Daylight Time), 77.2
Sat Oct 31 2020 11:14:18 GMT-0400 (Eastern Daylight Time), 76.8
Sat Oct 31 2020 11:15:18 GMT-0400 (Eastern Daylight Time), 76.6
Sat Oct 31 2020 11:16:19 GMT-0400 (Eastern Daylight Time), 76.5
Sat Oct 31 2020 11:17:19 GMT-0400 (Eastern Daylight Time), 75.9
Sat Oct 31 2020 11:18:19 GMT-0400 (Eastern Daylight Time), 75.7
Sat Oct 31 2020 12:08:37 GMT-0400 (Eastern Daylight Time), 76.1
Sat Oct 31 2020 12:09:38 GMT-0400 (Eastern Daylight Time), 75.7
Sat Oct 31 2020 12:10:38 GMT-0400 (Eastern Daylight Time), 75.4
Sat Oct 31 2020 12:11:38 GMT-0400 (Eastern Daylight Time), 75.2
Sat Oct 31 2020 12:12:38 GMT-0400 (Eastern Daylight Time), 74.8
Sat Oct 31 2020 12:13:39 GMT-0400 (Eastern Daylight Time), 74.7
Sat Oct 31 2020 12:14:39 GMT-0400 (Eastern Daylight Time), 74.5
Sat Oct 31 2020 12:15:39 GMT-0400 (Eastern Daylight Time), 74.3
Sat Oct 31 2020 12:16:39 GMT-0400 (Eastern Daylight Time), 74.1
Sat Oct 31 2020 12:17:39 GMT-0400 (Eastern Daylight Time), 73.9
Sat Oct 31 2020 12:18:39 GMT-0400 (Eastern Daylight Time), 74.1
Sat Oct 31 2020 12:19:39 GMT-0400 (Eastern Daylight Time), 74.3
Sat Oct 31 2020 12:20:39 GMT-0400 (Eastern Daylight Time), 74.5
Sat Oct 31 2020 12:21:40 GMT-0400 (Eastern Daylight Time), 74.8
Sat Oct 31 2020 12:22:40 GMT-0400 (Eastern Daylight Time), 75.4
Sat Oct 31 2020 12:23:40 GMT-0400 (Eastern Daylight Time), 75.7
Sat Oct 31 2020 12:24:40 GMT-0400 (Eastern Daylight Time), 76.1
Sat Oct 31 2020 12:25:40 GMT-0400 (Eastern Daylight Time), 76.6
Sat Oct 31 2020 12:26:40 GMT-0400 (Eastern Daylight Time), 77.0
Sat Oct 31 2020 12:27:40 GMT-0400 (Eastern Daylight Time), 77.2
Sat Oct 31 2020 12:28:41 GMT-0400 (Eastern Daylight Time), 77.2
Sat Oct 31 2020 12:29:41 GMT-0400 (Eastern Daylight Time), 77.2
Sat Oct 31 2020 12:30:41 GMT-0400 (Eastern Daylight Time), 76.8
Sat Oct 31 2020 12:31:42 GMT-0400 (Eastern Daylight Time), 76.6
Sat Oct 31 2020 12:32:42 GMT-0400 (Eastern Daylight Time), 76.5
Sat Oct 31 2020 12:33:42 GMT-0400 (Eastern Daylight Time), 76.1
Sat Oct 31 2020 12:34:42 GMT-0400 (Eastern Daylight Time), 75.9
Sat Oct 31 2020 12:35:42 GMT-0400 (Eastern Daylight Time), 75.6
Sat Oct 31 2020 12:36:43 GMT-0400 (Eastern Daylight Time), 75.2
Sat Oct 31 2020 12:37:44 GMT-0400 (Eastern Daylight Time), 75.0
Sat Oct 31 2020 12:38:44 GMT-0400 (Eastern Daylight Time), 74.8
Sat Oct 31 2020 12:39:44 GMT-0400 (Eastern Daylight Time), 74.5
Sat Oct 31 2020 12:40:44 GMT-0400 (Eastern Daylight Time), 74.3
Sat Oct 31 2020 12:41:44 GMT-0400 (Eastern Daylight Time), 74.1
Sat Oct 31 2020 12:42:44 GMT-0400 (Eastern Daylight Time), 74.1
Sat Oct 31 2020 12:43:44 GMT-0400 (Eastern Daylight Time), 74.1
Sat Oct 31 2020 12:44:44 GMT-0400 (Eastern Daylight Time), 74.3
Sat Oct 31 2020 12:45:45 GMT-0400 (Eastern Daylight Time), 74.7
Sat Oct 31 2020 12:46:45 GMT-0400 (Eastern Daylight Time), 75.0
Sat Oct 31 2020 12:47:45 GMT-0400 (Eastern Daylight Time), 75.4
Sat Oct 31 2020 12:48:45 GMT-0400 (Eastern Daylight Time), 75.9
Sat Oct 31 2020 12:49:45 GMT-0400 (Eastern Daylight Time), 76.3
Sat Oct 31 2020 12:50:45 GMT-0400 (Eastern Daylight Time), 76.6
Sat Oct 31 2020 12:51:45 GMT-0400 (Eastern Daylight Time), 77.2
Sat Oct 31 2020 12:52:45 GMT-0400 (Eastern Daylight Time), 77.5
Sat Oct 31 2020 12:53:46 GMT-0400 (Eastern Daylight Time), 77.7
Sat Oct 31 2020 12:54:46 GMT-0400 (Eastern Daylight Time), 77.7
Sat Oct 31 2020 12:55:46 GMT-0400 (Eastern Daylight Time), 77.7
Sat Oct 31 2020 12:56:46 GMT-0400 (Eastern Daylight Time), 77.4
Sat Oct 31 2020 12:57:47 GMT-0400 (Eastern Daylight Time), 77.4
Sat Oct 31 2020 12:58:47 GMT-0400 (Eastern Daylight Time), 77.0
Sat Oct 31 2020 12:59:47 GMT-0400 (Eastern Daylight Time), 76.6
Sat Oct 31 2020 13:00:47 GMT-0400 (Eastern Daylight Time), 76.5
Sat Oct 31 2020 13:01:47 GMT-0400 (Eastern Daylight Time), 76.1
Sat Oct 31 2020 13:02:47 GMT-0400 (Eastern Daylight Time), 75.7
Sat Oct 31 2020 13:03:47 GMT-0400 (Eastern Daylight Time), 75.4
Sat Oct 31 2020 13:04:47 GMT-0400 (Eastern Daylight Time), 75.2
Sat Oct 31 2020 13:05:48 GMT-0400 (Eastern Daylight Time), 74.8
Sat Oct 31 2020 13:06:48 GMT-0400 (Eastern Daylight Time), 74.7
Sat Oct 31 2020 13:07:48 GMT-0400 (Eastern Daylight Time), 74.3
Sat Oct 31 2020 13:08:48 GMT-0400 (Eastern Daylight Time), 74.3
Sat Oct 31 2020 13:09:48 GMT-0400 (Eastern Daylight Time), 74.3
Sat Oct 31 2020 13:10:48 GMT-0400 (Eastern Daylight Time), 74.3
Sat Oct 31 2020 13:11:49 GMT-0400 (Eastern Daylight Time), 74.5
Sat Oct 31 2020 13:12:49 GMT-0400 (Eastern Daylight Time), 74.7
Sat Oct 31 2020 13:13:49 GMT-0400 (Eastern Daylight Time), 75.0
Sat Oct 31 2020 13:14:49 GMT-0400 (Eastern Daylight Time), 75.4
Sat Oct 31 2020 13:15:50 GMT-0400 (Eastern Daylight Time), 75.7
Sat Oct 31 2020 13:16:50 GMT-0400 (Eastern Daylight Time), 76.3
Sat Oct 31 2020 13:17:50 GMT-0400 (Eastern Daylight Time), 76.8
Sat Oct 31 2020 13:18:51 GMT-0400 (Eastern Daylight Time), 77.2
Sat Oct 31 2020 13:19:51 GMT-0400 (Eastern Daylight Time), 77.4
Sat Oct 31 2020 13:20:51 GMT-0400 (Eastern Daylight Time), 77.5
Sat Oct 31 2020 13:21:51 GMT-0400 (Eastern Daylight Time), 77.5
Sat Oct 31 2020 13:22:51 GMT-0400 (Eastern Daylight Time), 77.4
Sat Oct 31 2020 13:23:51 GMT-0400 (Eastern Daylight Time), 77.2
Sat Oct 31 2020 13:24:51 GMT-0400 (Eastern Daylight Time), 77.0
Sat Oct 31 2020 13:25:51 GMT-0400 (Eastern Daylight Time), 76.6
Sat Oct 31 2020 13:26:52 GMT-0400 (Eastern Daylight Time), 76.5
Sat Oct 31 2020 13:27:52 GMT-0400 (Eastern Daylight Time), 76.1
Sat Oct 31 2020 13:28:52 GMT-0400 (Eastern Daylight Time), 75.7
Sat Oct 31 2020 13:29:52 GMT-0400 (Eastern Daylight Time), 75.4
Sat Oct 31 2020 13:30:52 GMT-0400 (Eastern Daylight Time), 75.0
Sat Oct 31 2020 13:31:52 GMT-0400 (Eastern Daylight Time), 75.0
Sat Oct 31 2020 13:32:52 GMT-0400 (Eastern Daylight Time), 74.7
Sat Oct 31 2020 13:33:53 GMT-0400 (Eastern Daylight Time), 74.5
Sat Oct 31 2020 13:34:54 GMT-0400 (Eastern Daylight Time), 74.5
Sat Oct 31 2020 13:35:54 GMT-0400 (Eastern Daylight Time), 74.1
Sat Oct 31 2020 13:36:54 GMT-0400 (Eastern Daylight Time), 74.1
Sat Oct 31 2020 13:37:54 GMT-0400 (Eastern Daylight Time), 74.1
Sat Oct 31 2020 13:38:54 GMT-0400 (Eastern Daylight Time), 74.1
Sat Oct 31 2020 13:39:55 GMT-0400 (Eastern Daylight Time), 74.5
Sat Oct 31 2020 13:40:55 GMT-0400 (Eastern Daylight Time), 75.0
Sat Oct 31 2020 13:41:55 GMT-0400 (Eastern Daylight Time), 75.4
Sat Oct 31 2020 13:42:55 GMT-0400 (Eastern Daylight Time), 75.9
Sat Oct 31 2020 13:43:56 GMT-0400 (Eastern Daylight Time), 76.5
Sat Oct 31 2020 13:44:56 GMT-0400 (Eastern Daylight Time), 76.8
Sat Oct 31 2020 13:45:56 GMT-0400 (Eastern Daylight Time), 77.4
Sat Oct 31 2020 13:46:57 GMT-0400 (Eastern Daylight Time), 77.7
Sat Oct 31 2020 13:47:57 GMT-0400 (Eastern Daylight Time), 77.9
Sat Oct 31 2020 13:48:57 GMT-0400 (Eastern Daylight Time), 77.9
Sat Oct 31 2020 13:49:57 GMT-0400 (Eastern Daylight Time), 77.7
Sat Oct 31 2020 13:50:57 GMT-0400 (Eastern Daylight Time), 77.7
Sat Oct 31 2020 13:51:57 GMT-0400 (Eastern Daylight Time), 77.4
Sat Oct 31 2020 13:52:57 GMT-0400 (Eastern Daylight Time), 77.2
Sat Oct 31 2020 13:53:58 GMT-0400 (Eastern Daylight Time), 76.8
Sat Oct 31 2020 13:54:58 GMT-0400 (Eastern Daylight Time), 76.5
Sat Oct 31 2020 13:55:58 GMT-0400 (Eastern Daylight Time), 76.1
Sat Oct 31 2020 13:56:58 GMT-0400 (Eastern Daylight Time), 75.9
Sat Oct 31 2020 13:57:58 GMT-0400 (Eastern Daylight Time), 75.6
Sat Oct 31 2020 13:58:58 GMT-0400 (Eastern Daylight Time), 75.2
Sat Oct 31 2020 14:00:00 GMT-0400 (Eastern Daylight Time), 75.0
Sat Oct 31 2020 14:01:01 GMT-0400 (Eastern Daylight Time), 74.7
Sat Oct 31 2020 14:02:01 GMT-0400 (Eastern Daylight Time), 74.5
Sat Oct 31 2020 14:03:01 GMT-0400 (Eastern Daylight Time), 74.1
Sat Oct 31 2020 14:04:01 GMT-0400 (Eastern Daylight Time), 73.9
Sat Oct 31 2020 14:05:01 GMT-0400 (Eastern Daylight Time), 74.1
Sat Oct 31 2020 14:06:01 GMT-0400 (Eastern Daylight Time), 74.1
Sat Oct 31 2020 14:07:01 GMT-0400 (Eastern Daylight Time), 74.3
Sat Oct 31 2020 14:08:02 GMT-0400 (Eastern Daylight Time), 74.7
Sat Oct 31 2020 14:09:03 GMT-0400 (Eastern Daylight Time), 75.0
Sat Oct 31 2020 14:10:03 GMT-0400 (Eastern Daylight Time), 75.6
Sat Oct 31 2020 14:11:04 GMT-0400 (Eastern Daylight Time), 75.9
Sat Oct 31 2020 14:12:05 GMT-0400 (Eastern Daylight Time), 76.5
Sat Oct 31 2020 14:13:05 GMT-0400 (Eastern Daylight Time), 77.0
Sat Oct 31 2020 14:14:05 GMT-0400 (Eastern Daylight Time), 77.4
Sat Oct 31 2020 14:15:06 GMT-0400 (Eastern Daylight Time), 77.7
Sat Oct 31 2020 14:16:06 GMT-0400 (Eastern Daylight Time), 77.9
Sat Oct 31 2020 14:17:06 GMT-0400 (Eastern Daylight Time), 77.9
Sat Oct 31 2020 14:18:06 GMT-0400 (Eastern Daylight Time), 77.7
Sat Oct 31 2020 14:19:07 GMT-0400 (Eastern Daylight Time), 77.7
Sat Oct 31 2020 14:20:07 GMT-0400 (Eastern Daylight Time), 77.4
Sat Oct 31 2020 14:21:07 GMT-0400 (Eastern Daylight Time), 77.0
Sat Oct 31 2020 14:22:07 GMT-0400 (Eastern Daylight Time), 76.8
Sat Oct 31 2020 14:23:08 GMT-0400 (Eastern Daylight Time), 76.3
Sat Oct 31 2020 14:24:08 GMT-0400 (Eastern Daylight Time), 75.2
Sat Oct 31 2020 14:25:08 GMT-0400 (Eastern Daylight Time), 74.1
Sat Oct 31 2020 14:26:08 GMT-0400 (Eastern Daylight Time), 73.8
Sat Oct 31 2020 14:27:08 GMT-0400 (Eastern Daylight Time), 73.6
Sat Oct 31 2020 14:28:09 GMT-0400 (Eastern Daylight Time), 73.6
Sat Oct 31 2020 14:29:11 GMT-0400 (Eastern Daylight Time), 73.6
Sat Oct 31 2020 14:30:13 GMT-0400 (Eastern Daylight Time), 73.4
Sat Oct 31 2020 14:31:13 GMT-0400 (Eastern Daylight Time), 73.4
Sat Oct 31 2020 14:32:13 GMT-0400 (Eastern Daylight Time), 73.6
Sat Oct 31 2020 14:33:13 GMT-0400 (Eastern Daylight Time), 73.8
Sat Oct 31 2020 14:34:14 GMT-0400 (Eastern Daylight Time), 73.9
Sat Oct 31 2020 14:35:14 GMT-0400 (Eastern Daylight Time), 74.5
Sat Oct 31 2020 14:36:14 GMT-0400 (Eastern Daylight Time), 75.0
Sat Oct 31 2020 14:37:15 GMT-0400 (Eastern Daylight Time), 75.6
Sat Oct 31 2020 14:38:15 GMT-0400 (Eastern Daylight Time), 76.1
Sat Oct 31 2020 14:39:15 GMT-0400 (Eastern Daylight Time), 76.6
Sat Oct 31 2020 14:40:16 GMT-0400 (Eastern Daylight Time), 77.2
Sat Oct 31 2020 14:41:16 GMT-0400 (Eastern Daylight Time), 77.4
Sat Oct 31 2020 14:42:17 GMT-0400 (Eastern Daylight Time), 77.4
Sat Oct 31 2020 14:43:17 GMT-0400 (Eastern Daylight Time), 77.5
Sat Oct 31 2020 14:44:17 GMT-0400 (Eastern Daylight Time), 77.5
Sat Oct 31 2020 14:45:17 GMT-0400 (Eastern Daylight Time), 77.4
Sat Oct 31 2020 14:46:17 GMT-0400 (Eastern Daylight Time), 77.0
Sat Oct 31 2020 14:47:17 GMT-0400 (Eastern Daylight Time), 76.8
Sat Oct 31 2020 14:48:17 GMT-0400 (Eastern Daylight Time), 76.5
Sat Oct 31 2020 14:49:17 GMT-0400 (Eastern Daylight Time), 76.1
Sat Oct 31 2020 14:50:18 GMT-0400 (Eastern Daylight Time), 75.7
Sat Oct 31 2020 14:51:18 GMT-0400 (Eastern Daylight Time), 75.6
Sat Oct 31 2020 14:52:19 GMT-0400 (Eastern Daylight Time), 75.2
Sat Oct 31 2020 14:53:19 GMT-0400 (Eastern Daylight Time), 75.0
Sat Oct 31 2020 14:54:19 GMT-0400 (Eastern Daylight Time), 74.8
Sat Oct 31 2020 14:55:19 GMT-0400 (Eastern Daylight Time), 74.5
Sat Oct 31 2020 14:56:19 GMT-0400 (Eastern Daylight Time), 74.3
Sat Oct 31 2020 14:57:20 GMT-0400 (Eastern Daylight Time), 74.3
Sat Oct 31 2020 14:58:20 GMT-0400 (Eastern Daylight Time), 74.1
Sat Oct 31 2020 14:59:20 GMT-0400 (Eastern Daylight Time), 74.3
Sat Oct 31 2020 15:00:20 GMT-0400 (Eastern Daylight Time), 74.7
Sat Oct 31 2020 15:01:20 GMT-0400 (Eastern Daylight Time), 74.8
Sat Oct 31 2020 15:02:20 GMT-0400 (Eastern Daylight Time), 75.4
Sat Oct 31 2020 15:03:21 GMT-0400 (Eastern Daylight Time), 75.9
Sat Oct 31 2020 15:04:21 GMT-0400 (Eastern Daylight Time), 76.5
Sat Oct 31 2020 15:05:22 GMT-0400 (Eastern Daylight Time), 76.8
Sat Oct 31 2020 15:06:23 GMT-0400 (Eastern Daylight Time), 77.4
Sat Oct 31 2020 15:07:23 GMT-0400 (Eastern Daylight Time), 77.7
Sat Oct 31 2020 15:08:23 GMT-0400 (Eastern Daylight Time), 77.9
Sat Oct 31 2020 15:09:24 GMT-0400 (Eastern Daylight Time), 78.1
Sat Oct 31 2020 15:10:24 GMT-0400 (Eastern Daylight Time), 78.1
Sat Oct 31 2020 15:11:24 GMT-0400 (Eastern Daylight Time), 78.1
Sat Oct 31 2020 15:12:25 GMT-0400 (Eastern Daylight Time), 77.7
Sat Oct 31 2020 15:13:25 GMT-0400 (Eastern Daylight Time), 77.5
Sat Oct 31 2020 15:14:25 GMT-0400 (Eastern Daylight Time), 77.2
Sat Oct 31 2020 15:15:25 GMT-0400 (Eastern Daylight Time), 76.8
Sat Oct 31 2020 15:16:26 GMT-0400 (Eastern Daylight Time), 76.5
Sat Oct 31 2020 15:17:26 GMT-0400 (Eastern Daylight Time), 76.5
Sat Oct 31 2020 15:18:26 GMT-0400 (Eastern Daylight Time), 76.5
Sat Oct 31 2020 15:19:27 GMT-0400 (Eastern Daylight Time), 76.3
Sat Oct 31 2020 15:20:27 GMT-0400 (Eastern Daylight Time), 76.3
Sat Oct 31 2020 15:21:27 GMT-0400 (Eastern Daylight Time), 75.7
Sat Oct 31 2020 15:22:27 GMT-0400 (Eastern Daylight Time), 75.4
Sat Oct 31 2020 15:23:27 GMT-0400 (Eastern Daylight Time), 75.0
Sat Oct 31 2020 15:24:27 GMT-0400 (Eastern Daylight Time), 74.8
Sat Oct 31 2020 15:25:27 GMT-0400 (Eastern Daylight Time), 74.7
Sat Oct 31 2020 15:26:27 GMT-0400 (Eastern Daylight Time), 74.7
Sat Oct 31 2020 15:27:27 GMT-0400 (Eastern Daylight Time), 74.7
Sat Oct 31 2020 15:28:28 GMT-0400 (Eastern Daylight Time), 74.8
Sat Oct 31 2020 15:29:28 GMT-0400 (Eastern Daylight Time), 75.4
Sat Oct 31 2020 15:30:28 GMT-0400 (Eastern Daylight Time), 75.7
Sat Oct 31 2020 15:31:28 GMT-0400 (Eastern Daylight Time), 76.1
Sat Oct 31 2020 15:32:28 GMT-0400 (Eastern Daylight Time), 76.5
Sat Oct 31 2020 15:33:28 GMT-0400 (Eastern Daylight Time), 76.8
Sat Oct 31 2020 15:34:28 GMT-0400 (Eastern Daylight Time), 77.2
Sat Oct 31 2020 15:35:29 GMT-0400 (Eastern Daylight Time), 77.5
Sat Oct 31 2020 15:36:29 GMT-0400 (Eastern Daylight Time), 77.9
Sat Oct 31 2020 15:37:29 GMT-0400 (Eastern Daylight Time), 77.9
Sat Oct 31 2020 15:38:30 GMT-0400 (Eastern Daylight Time), 77.7
Sat Oct 31 2020 15:39:30 GMT-0400 (Eastern Daylight Time), 77.5
Sat Oct 31 2020 15:40:30 GMT-0400 (Eastern Daylight Time), 77.4
Sat Oct 31 2020 15:41:30 GMT-0400 (Eastern Daylight Time), 77.2
Sat Oct 31 2020 15:42:30 GMT-0400 (Eastern Daylight Time), 76.8
Sat Oct 31 2020 15:43:30 GMT-0400 (Eastern Daylight Time), 76.6
Sat Oct 31 2020 15:44:31 GMT-0400 (Eastern Daylight Time), 76.3
Sat Oct 31 2020 15:45:31 GMT-0400 (Eastern Daylight Time), 76.1
Sat Oct 31 2020 15:46:31 GMT-0400 (Eastern Daylight Time), 75.7
Sat Oct 31 2020 15:47:31 GMT-0400 (Eastern Daylight Time), 75.6
Sat Oct 31 2020 15:48:31 GMT-0400 (Eastern Daylight Time), 75.2
Sat Oct 31 2020 15:49:32 GMT-0400 (Eastern Daylight Time), 75.0
Sat Oct 31 2020 15:50:32 GMT-0400 (Eastern Daylight Time), 74.8
Sat Oct 31 2020 15:51:32 GMT-0400 (Eastern Daylight Time), 74.8
Sat Oct 31 2020 15:52:32 GMT-0400 (Eastern Daylight Time), 74.8
Sat Oct 31 2020 15:53:32 GMT-0400 (Eastern Daylight Time), 75.0
Sat Oct 31 2020 15:54:33 GMT-0400 (Eastern Daylight Time), 75.4
Sat Oct 31 2020 15:55:33 GMT-0400 (Eastern Daylight Time), 75.7
Sat Oct 31 2020 15:56:33 GMT-0400 (Eastern Daylight Time), 76.1
Sat Oct 31 2020 15:57:33 GMT-0400 (Eastern Daylight Time), 76.5
Sat Oct 31 2020 15:58:33 GMT-0400 (Eastern Daylight Time), 76.8
Sat Oct 31 2020 15:59:33 GMT-0400 (Eastern Daylight Time), 77.4
Sat Oct 31 2020 16:00:33 GMT-0400 (Eastern Daylight Time), 77.5
Sat Oct 31 2020 16:01:33 GMT-0400 (Eastern Daylight Time), 77.9
Sat Oct 31 2020 16:02:33 GMT-0400 (Eastern Daylight Time), 78.1
Sat Oct 31 2020 16:03:34 GMT-0400 (Eastern Daylight Time), 78.3
Sat Oct 31 2020 16:04:34 GMT-0400 (Eastern Daylight Time), 78.3
Sat Oct 31 2020 16:05:34 GMT-0400 (Eastern Daylight Time), 78.1
Sat Oct 31 2020 16:06:35 GMT-0400 (Eastern Daylight Time), 77.7
Sat Oct 31 2020 16:07:36 GMT-0400 (Eastern Daylight Time), 77.5
Sat Oct 31 2020 16:08:36 GMT-0400 (Eastern Daylight Time), 77.4
Sat Oct 31 2020 16:09:36 GMT-0400 (Eastern Daylight Time), 77.2
Sat Oct 31 2020 16:10:36 GMT-0400 (Eastern Daylight Time), 76.8
Sat Oct 31 2020 16:11:36 GMT-0400 (Eastern Daylight Time), 76.5
Sat Oct 31 2020 16:12:36 GMT-0400 (Eastern Daylight Time), 76.1
Sat Oct 31 2020 16:13:36 GMT-0400 (Eastern Daylight Time), 75.9
Sat Oct 31 2020 16:14:36 GMT-0400 (Eastern Daylight Time), 75.6
Sat Oct 31 2020 16:15:36 GMT-0400 (Eastern Daylight Time), 75.4
Sat Oct 31 2020 16:16:37 GMT-0400 (Eastern Daylight Time), 75.0
Sat Oct 31 2020 16:17:37 GMT-0400 (Eastern Daylight Time), 74.5
Sat Oct 31 2020 16:18:37 GMT-0400 (Eastern Daylight Time), 74.3
Sat Oct 31 2020 16:19:37 GMT-0400 (Eastern Daylight Time), 74.3
Sat Oct 31 2020 16:20:37 GMT-0400 (Eastern Daylight Time), 74.5
Sat Oct 31 2020 16:21:38 GMT-0400 (Eastern Daylight Time), 74.8
Sat Oct 31 2020 16:22:38 GMT-0400 (Eastern Daylight Time), 75.0
Sat Oct 31 2020 16:23:39 GMT-0400 (Eastern Daylight Time), 75.7
Sat Oct 31 2020 16:24:39 GMT-0400 (Eastern Daylight Time), 76.1
Sat Oct 31 2020 16:25:39 GMT-0400 (Eastern Daylight Time), 76.5
Sat Oct 31 2020 16:26:39 GMT-0400 (Eastern Daylight Time), 76.8
Sat Oct 31 2020 16:27:39 GMT-0400 (Eastern Daylight Time), 77.2
Sat Oct 31 2020 16:28:39 GMT-0400 (Eastern Daylight Time), 77.4
Sat Oct 31 2020 16:29:40 GMT-0400 (Eastern Daylight Time), 77.9
Sat Oct 31 2020 16:30:40 GMT-0400 (Eastern Daylight Time), 77.9
Sat Oct 31 2020 16:31:40 GMT-0400 (Eastern Daylight Time), 78.1
Sat Oct 31 2020 16:32:40 GMT-0400 (Eastern Daylight Time), 77.9
Sat Oct 31 2020 16:33:40 GMT-0400 (Eastern Daylight Time), 77.7
Sat Oct 31 2020 16:34:40 GMT-0400 (Eastern Daylight Time), 77.5
Sat Oct 31 2020 16:35:41 GMT-0400 (Eastern Daylight Time), 77.4
Sat Oct 31 2020 16:36:41 GMT-0400 (Eastern Daylight Time), 77.0
Sat Oct 31 2020 16:37:41 GMT-0400 (Eastern Daylight Time), 76.6
Sat Oct 31 2020 16:38:41 GMT-0400 (Eastern Daylight Time), 76.5
Sat Oct 31 2020 16:39:41 GMT-0400 (Eastern Daylight Time), 76.1
Sat Oct 31 2020 16:40:42 GMT-0400 (Eastern Daylight Time), 75.9
Sat Oct 31 2020 16:41:42 GMT-0400 (Eastern Daylight Time), 75.6
Sat Oct 31 2020 16:42:43 GMT-0400 (Eastern Daylight Time), 75.4
Sat Oct 31 2020 16:43:43 GMT-0400 (Eastern Daylight Time), 75.0
Sat Oct 31 2020 16:44:43 GMT-0400 (Eastern Daylight Time), 75.0
Sat Oct 31 2020 16:45:44 GMT-0400 (Eastern Daylight Time), 74.8
Sat Oct 31 2020 16:46:44 GMT-0400 (Eastern Daylight Time), 75.0
Sat Oct 31 2020 16:47:44 GMT-0400 (Eastern Daylight Time), 75.0
Sat Oct 31 2020 16:48:44 GMT-0400 (Eastern Daylight Time), 75.4
Sat Oct 31 2020 16:49:44 GMT-0400 (Eastern Daylight Time), 75.7
Sat Oct 31 2020 16:50:44 GMT-0400 (Eastern Daylight Time), 76.1
Sat Oct 31 2020 16:51:45 GMT-0400 (Eastern Daylight Time), 76.5
Sat Oct 31 2020 16:52:45 GMT-0400 (Eastern Daylight Time), 77.0
Sat Oct 31 2020 16:53:45 GMT-0400 (Eastern Daylight Time), 77.2
Sat Oct 31 2020 16:54:45 GMT-0400 (Eastern Daylight Time), 77.7
Sat Oct 31 2020 16:55:45 GMT-0400 (Eastern Daylight Time), 77.7
Sat Oct 31 2020 16:56:45 GMT-0400 (Eastern Daylight Time), 78.3
Sat Oct 31 2020 16:57:46 GMT-0400 (Eastern Daylight Time), 78.4
Sat Oct 31 2020 16:58:46 GMT-0400 (Eastern Daylight Time), 78.4
Sat Oct 31 2020 16:59:46 GMT-0400 (Eastern Daylight Time), 78.3
Sat Oct 31 2020 17:00:46 GMT-0400 (Eastern Daylight Time), 78.1
Sat Oct 31 2020 17:01:47 GMT-0400 (Eastern Daylight Time), 77.7
Sat Oct 31 2020 17:02:47 GMT-0400 (Eastern Daylight Time), 77.5
Sat Oct 31 2020 17:03:48 GMT-0400 (Eastern Daylight Time), 77.2
Sat Oct 31 2020 17:04:48 GMT-0400 (Eastern Daylight Time), 77.0
Sat Oct 31 2020 17:05:48 GMT-0400 (Eastern Daylight Time), 76.8
Sat Oct 31 2020 17:06:48 GMT-0400 (Eastern Daylight Time), 76.5
Sat Oct 31 2020 17:07:48 GMT-0400 (Eastern Daylight Time), 76.1
Sat Oct 31 2020 17:08:49 GMT-0400 (Eastern Daylight Time), 75.7
Sat Oct 31 2020 17:09:49 GMT-0400 (Eastern Daylight Time), 75.6
Sat Oct 31 2020 17:10:49 GMT-0400 (Eastern Daylight Time), 75.2
Sat Oct 31 2020 17:11:50 GMT-0400 (Eastern Daylight Time), 75.0
Sat Oct 31 2020 17:12:50 GMT-0400 (Eastern Daylight Time), 75.0
Sat Oct 31 2020 17:13:50 GMT-0400 (Eastern Daylight Time), 75.0
Sat Oct 31 2020 17:14:50 GMT-0400 (Eastern Daylight Time), 75.2
Sat Oct 31 2020 17:15:51 GMT-0400 (Eastern Daylight Time), 75.4
Sat Oct 31 2020 17:16:51 GMT-0400 (Eastern Daylight Time), 75.7
Sat Oct 31 2020 17:17:52 GMT-0400 (Eastern Daylight Time), 76.1
Sat Oct 31 2020 17:18:52 GMT-0400 (Eastern Daylight Time), 76.6
Sat Oct 31 2020 17:19:52 GMT-0400 (Eastern Daylight Time), 76.8
Sat Oct 31 2020 17:20:53 GMT-0400 (Eastern Daylight Time), 77.4
Sat Oct 31 2020 17:21:53 GMT-0400 (Eastern Daylight Time), 77.5
Sat Oct 31 2020 17:22:53 GMT-0400 (Eastern Daylight Time), 77.7
Sat Oct 31 2020 17:23:54 GMT-0400 (Eastern Daylight Time), 78.3
Sat Oct 31 2020 17:24:54 GMT-0400 (Eastern Daylight Time), 78.3
Sat Oct 31 2020 17:25:54 GMT-0400 (Eastern Daylight Time), 78.6
Sat Oct 31 2020 17:26:55 GMT-0400 (Eastern Daylight Time), 78.4
Sat Oct 31 2020 17:27:55 GMT-0400 (Eastern Daylight Time), 78.3
Sat Oct 31 2020 17:28:55 GMT-0400 (Eastern Daylight Time), 78.3
Sat Oct 31 2020 17:29:55 GMT-0400 (Eastern Daylight Time), 77.9
Sat Oct 31 2020 17:30:55 GMT-0400 (Eastern Daylight Time), 77.7
Sat Oct 31 2020 17:31:56 GMT-0400 (Eastern Daylight Time), 77.4
Sat Oct 31 2020 17:32:56 GMT-0400 (Eastern Daylight Time), 77.2
Sat Oct 31 2020 17:33:56 GMT-0400 (Eastern Daylight Time), 76.8
Sat Oct 31 2020 17:34:56 GMT-0400 (Eastern Daylight Time), 76.5
Sat Oct 31 2020 17:35:56 GMT-0400 (Eastern Daylight Time), 76.3
Sat Oct 31 2020 17:36:56 GMT-0400 (Eastern Daylight Time), 75.9
Sat Oct 31 2020 17:37:57 GMT-0400 (Eastern Daylight Time), 75.7
Sat Oct 31 2020 17:38:57 GMT-0400 (Eastern Daylight Time), 75.4
Sat Oct 31 2020 17:39:57 GMT-0400 (Eastern Daylight Time), 75.2
Sat Oct 31 2020 17:40:57 GMT-0400 (Eastern Daylight Time), 75.2
Sat Oct 31 2020 17:41:58 GMT-0400 (Eastern Daylight Time), 75.0
Sat Oct 31 2020 17:42:59 GMT-0400 (Eastern Daylight Time), 75.2
Sat Oct 31 2020 17:43:59 GMT-0400 (Eastern Daylight Time), 75.4
Sat Oct 31 2020 17:45:00 GMT-0400 (Eastern Daylight Time), 75.7
Sat Oct 31 2020 17:46:00 GMT-0400 (Eastern Daylight Time), 76.1
Sat Oct 31 2020 17:47:00 GMT-0400 (Eastern Daylight Time), 76.3
Sat Oct 31 2020 17:48:00 GMT-0400 (Eastern Daylight Time), 76.6
Sat Oct 31 2020 17:49:00 GMT-0400 (Eastern Daylight Time), 77.0
Sat Oct 31 2020 17:50:00 GMT-0400 (Eastern Daylight Time), 77.5
Sat Oct 31 2020 17:51:00 GMT-0400 (Eastern Daylight Time), 77.7
Sat Oct 31 2020 17:52:00 GMT-0400 (Eastern Daylight Time), 78.1
Sat Oct 31 2020 17:53:00 GMT-0400 (Eastern Daylight Time), 78.3
Sat Oct 31 2020 17:54:00 GMT-0400 (Eastern Daylight Time), 78.4
Sat Oct 31 2020 17:55:01 GMT-0400 (Eastern Daylight Time), 78.4
Sat Oct 31 2020 17:56:01 GMT-0400 (Eastern Daylight Time), 78.3
Sat Oct 31 2020 17:57:01 GMT-0400 (Eastern Daylight Time), 78.1
Sat Oct 31 2020 17:58:01 GMT-0400 (Eastern Daylight Time), 77.9
Sat Oct 31 2020 17:59:02 GMT-0400 (Eastern Daylight Time), 77.5
Sat Oct 31 2020 18:00:02 GMT-0400 (Eastern Daylight Time), 77.4
Sat Oct 31 2020 18:01:02 GMT-0400 (Eastern Daylight Time), 77.0
Sat Oct 31 2020 18:02:02 GMT-0400 (Eastern Daylight Time), 76.8
Sat Oct 31 2020 18:03:02 GMT-0400 (Eastern Daylight Time), 76.5
Sat Oct 31 2020 18:04:03 GMT-0400 (Eastern Daylight Time), 76.1
Sat Oct 31 2020 18:05:03 GMT-0400 (Eastern Daylight Time), 75.9
Sat Oct 31 2020 18:06:03 GMT-0400 (Eastern Daylight Time), 75.6
Sat Oct 31 2020 18:07:03 GMT-0400 (Eastern Daylight Time), 75.2
Sat Oct 31 2020 18:08:04 GMT-0400 (Eastern Daylight Time), 75.0
Sat Oct 31 2020 18:09:04 GMT-0400 (Eastern Daylight Time), 75.2
Sat Oct 31 2020 18:10:04 GMT-0400 (Eastern Daylight Time), 75.2
Sat Oct 31 2020 18:11:04 GMT-0400 (Eastern Daylight Time), 75.2
Sat Oct 31 2020 18:12:05 GMT-0400 (Eastern Daylight Time), 75.6
Sat Oct 31 2020 18:13:05 GMT-0400 (Eastern Daylight Time), 75.9
Sat Oct 31 2020 18:14:05 GMT-0400 (Eastern Daylight Time), 76.3
Sat Oct 31 2020 18:15:05 GMT-0400 (Eastern Daylight Time), 76.8
Sat Oct 31 2020 18:16:05 GMT-0400 (Eastern Daylight Time), 77.2
Sat Oct 31 2020 18:17:05 GMT-0400 (Eastern Daylight Time), 77.4
Sat Oct 31 2020 18:18:05 GMT-0400 (Eastern Daylight Time), 77.7
Sat Oct 31 2020 18:19:06 GMT-0400 (Eastern Daylight Time), 78.1
Sat Oct 31 2020 18:20:06 GMT-0400 (Eastern Daylight Time), 78.3
Sat Oct 31 2020 18:21:06 GMT-0400 (Eastern Daylight Time), 78.4
Sat Oct 31 2020 18:22:07 GMT-0400 (Eastern Daylight Time), 78.3
Sat Oct 31 2020 18:23:07 GMT-0400 (Eastern Daylight Time), 78.1
Sat Oct 31 2020 18:24:07 GMT-0400 (Eastern Daylight Time), 77.9
Sat Oct 31 2020 18:25:07 GMT-0400 (Eastern Daylight Time), 77.5
Sat Oct 31 2020 18:26:07 GMT-0400 (Eastern Daylight Time), 77.4
Sat Oct 31 2020 18:27:07 GMT-0400 (Eastern Daylight Time), 77.0
Sat Oct 31 2020 18:28:07 GMT-0400 (Eastern Daylight Time), 76.8
Sat Oct 31 2020 18:29:08 GMT-0400 (Eastern Daylight Time), 76.5
Sat Oct 31 2020 18:30:08 GMT-0400 (Eastern Daylight Time), 76.3
Sat Oct 31 2020 18:31:08 GMT-0400 (Eastern Daylight Time), 75.9
Sat Oct 31 2020 18:32:08 GMT-0400 (Eastern Daylight Time), 75.7
Sat Oct 31 2020 18:33:09 GMT-0400 (Eastern Daylight Time), 75.4
Sat Oct 31 2020 18:34:09 GMT-0400 (Eastern Daylight Time), 75.2
Sat Oct 31 2020 18:35:09 GMT-0400 (Eastern Daylight Time), 75.0
Sat Oct 31 2020 18:36:09 GMT-0400 (Eastern Daylight Time), 75.2
Sat Oct 31 2020 18:37:09 GMT-0400 (Eastern Daylight Time), 75.2
Sat Oct 31 2020 18:38:11 GMT-0400 (Eastern Daylight Time), 75.2
Sat Oct 31 2020 18:39:12 GMT-0400 (Eastern Daylight Time), 75.9
Sat Oct 31 2020 18:40:12 GMT-0400 (Eastern Daylight Time), 76.1
Sat Oct 31 2020 18:41:12 GMT-0400 (Eastern Daylight Time), 76.5
Sat Oct 31 2020 18:42:13 GMT-0400 (Eastern Daylight Time), 76.8
Sat Oct 31 2020 18:43:13 GMT-0400 (Eastern Daylight Time), 77.0
Sat Oct 31 2020 18:44:13 GMT-0400 (Eastern Daylight Time), 77.5
Sat Oct 31 2020 18:45:13 GMT-0400 (Eastern Daylight Time), 77.9
Sat Oct 31 2020 18:46:13 GMT-0400 (Eastern Daylight Time), 77.9
Sat Oct 31 2020 18:47:13 GMT-0400 (Eastern Daylight Time), 77.9
Sat Oct 31 2020 18:48:14 GMT-0400 (Eastern Daylight Time), 77.7
Sat Oct 31 2020 18:49:14 GMT-0400 (Eastern Daylight Time), 77.5
Sat Oct 31 2020 18:50:14 GMT-0400 (Eastern Daylight Time), 77.4
Sat Oct 31 2020 18:51:14 GMT-0400 (Eastern Daylight Time), 77.2
Sat Oct 31 2020 18:52:14 GMT-0400 (Eastern Daylight Time), 76.8
Sat Oct 31 2020 18:53:15 GMT-0400 (Eastern Daylight Time), 76.6
Sat Oct 31 2020 18:54:15 GMT-0400 (Eastern Daylight Time), 76.5
Sat Oct 31 2020 18:55:15 GMT-0400 (Eastern Daylight Time), 76.1
Sat Oct 31 2020 18:56:16 GMT-0400 (Eastern Daylight Time), 75.9
Sat Oct 31 2020 18:57:16 GMT-0400 (Eastern Daylight Time), 75.6
Sat Oct 31 2020 18:58:16 GMT-0400 (Eastern Daylight Time), 75.4
Sat Oct 31 2020 18:59:16 GMT-0400 (Eastern Daylight Time), 75.2
Sat Oct 31 2020 19:00:16 GMT-0400 (Eastern Daylight Time), 75.0
Sat Oct 31 2020 19:01:16 GMT-0400 (Eastern Daylight Time), 75.2
Sat Oct 31 2020 19:02:18 GMT-0400 (Eastern Daylight Time), 75.2
Sat Oct 31 2020 19:03:18 GMT-0400 (Eastern Daylight Time), 75.4
Sat Oct 31 2020 19:04:19 GMT-0400 (Eastern Daylight Time), 75.7
Sat Oct 31 2020 19:05:19 GMT-0400 (Eastern Daylight Time), 76.1
Sat Oct 31 2020 19:06:19 GMT-0400 (Eastern Daylight Time), 76.3
Sat Oct 31 2020 19:07:19 GMT-0400 (Eastern Daylight Time), 76.8
Sat Oct 31 2020 19:08:19 GMT-0400 (Eastern Daylight Time), 77.2
Sat Oct 31 2020 19:09:19 GMT-0400 (Eastern Daylight Time), 77.5
Sat Oct 31 2020 19:10:20 GMT-0400 (Eastern Daylight Time), 77.9
Sat Oct 31 2020 19:11:20 GMT-0400 (Eastern Daylight Time), 77.9
Sat Oct 31 2020 19:12:20 GMT-0400 (Eastern Daylight Time), 77.9
Sat Oct 31 2020 19:13:20 GMT-0400 (Eastern Daylight Time), 77.7
Sat Oct 31 2020 19:14:21 GMT-0400 (Eastern Daylight Time), 77.7
Sat Oct 31 2020 19:15:21 GMT-0400 (Eastern Daylight Time), 77.4
Sat Oct 31 2020 19:16:21 GMT-0400 (Eastern Daylight Time), 77.2
Sat Oct 31 2020 19:17:22 GMT-0400 (Eastern Daylight Time), 76.8
Sat Oct 31 2020 19:18:22 GMT-0400 (Eastern Daylight Time), 76.8
Sat Oct 31 2020 19:19:23 GMT-0400 (Eastern Daylight Time), 76.3
Sat Oct 31 2020 19:20:23 GMT-0400 (Eastern Daylight Time), 76.1
Sat Oct 31 2020 19:21:24 GMT-0400 (Eastern Daylight Time), 75.7
Sat Oct 31 2020 19:22:24 GMT-0400 (Eastern Daylight Time), 75.4
Sat Oct 31 2020 19:23:24 GMT-0400 (Eastern Daylight Time), 75.2
Sat Oct 31 2020 19:24:25 GMT-0400 (Eastern Daylight Time), 75.2
Sat Oct 31 2020 19:25:25 GMT-0400 (Eastern Daylight Time), 75.0
Sat Oct 31 2020 19:26:26 GMT-0400 (Eastern Daylight Time), 75.0
Sat Oct 31 2020 19:27:26 GMT-0400 (Eastern Daylight Time), 75.2
Sat Oct 31 2020 19:28:26 GMT-0400 (Eastern Daylight Time), 75.4
Sat Oct 31 2020 19:29:26 GMT-0400 (Eastern Daylight Time), 75.7
Sat Oct 31 2020 19:30:27 GMT-0400 (Eastern Daylight Time), 76.1
Sat Oct 31 2020 19:31:27 GMT-0400 (Eastern Daylight Time), 76.5
Sat Oct 31 2020 19:32:27 GMT-0400 (Eastern Daylight Time), 76.6
Sat Oct 31 2020 19:33:28 GMT-0400 (Eastern Daylight Time), 77.0
Sat Oct 31 2020 19:34:28 GMT-0400 (Eastern Daylight Time), 77.4
Sat Oct 31 2020 19:35:28 GMT-0400 (Eastern Daylight Time), 77.7
Sat Oct 31 2020 19:36:28 GMT-0400 (Eastern Daylight Time), 77.9
Sat Oct 31 2020 19:37:28 GMT-0400 (Eastern Daylight Time), 77.9
Sat Oct 31 2020 19:38:29 GMT-0400 (Eastern Daylight Time), 77.9
Sat Oct 31 2020 19:39:29 GMT-0400 (Eastern Daylight Time), 77.5
Sat Oct 31 2020 19:40:29 GMT-0400 (Eastern Daylight Time), 77.4
Sat Oct 31 2020 19:41:29 GMT-0400 (Eastern Daylight Time), 77.2
Sat Oct 31 2020 19:42:29 GMT-0400 (Eastern Daylight Time), 77.0
Sat Oct 31 2020 19:43:29 GMT-0400 (Eastern Daylight Time), 76.6
Sat Oct 31 2020 19:44:30 GMT-0400 (Eastern Daylight Time), 76.5
Sat Oct 31 2020 19:45:30 GMT-0400 (Eastern Daylight Time), 76.1
Sat Oct 31 2020 19:46:30 GMT-0400 (Eastern Daylight Time), 75.7
Sat Oct 31 2020 19:47:31 GMT-0400 (Eastern Daylight Time), 75.6
Sat Oct 31 2020 19:48:31 GMT-0400 (Eastern Daylight Time), 75.4
Sat Oct 31 2020 19:49:31 GMT-0400 (Eastern Daylight Time), 75.0
Sat Oct 31 2020 19:50:32 GMT-0400 (Eastern Daylight Time), 75.0
Sat Oct 31 2020 19:51:32 GMT-0400 (Eastern Daylight Time), 75.0
Sat Oct 31 2020 19:52:33 GMT-0400 (Eastern Daylight Time), 75.2
Sat Oct 31 2020 19:53:33 GMT-0400 (Eastern Daylight Time), 75.4
Sat Oct 31 2020 19:54:33 GMT-0400 (Eastern Daylight Time), 75.6
Sat Oct 31 2020 19:55:33 GMT-0400 (Eastern Daylight Time), 76.1
Sat Oct 31 2020 19:56:34 GMT-0400 (Eastern Daylight Time), 76.5
Sat Oct 31 2020 19:57:34 GMT-0400 (Eastern Daylight Time), 76.8
Sat Oct 31 2020 19:58:34 GMT-0400 (Eastern Daylight Time), 77.2
Sat Oct 31 2020 19:59:35 GMT-0400 (Eastern Daylight Time), 77.4
Sat Oct 31 2020 20:00:37 GMT-0400 (Eastern Daylight Time), 77.5
Sat Oct 31 2020 20:01:37 GMT-0400 (Eastern Daylight Time), 77.7
Sat Oct 31 2020 20:02:37 GMT-0400 (Eastern Daylight Time), 77.5
Sat Oct 31 2020 20:03:37 GMT-0400 (Eastern Daylight Time), 77.4
Sat Oct 31 2020 20:04:37 GMT-0400 (Eastern Daylight Time), 77.2
Sat Oct 31 2020 20:05:37 GMT-0400 (Eastern Daylight Time), 76.8
Sat Oct 31 2020 20:06:38 GMT-0400 (Eastern Daylight Time), 76.6
Sat Oct 31 2020 20:07:38 GMT-0400 (Eastern Daylight Time), 76.5
Sat Oct 31 2020 20:08:39 GMT-0400 (Eastern Daylight Time), 76.1
Sat Oct 31 2020 20:09:39 GMT-0400 (Eastern Daylight Time), 75.9
Sat Oct 31 2020 20:10:39 GMT-0400 (Eastern Daylight Time), 75.6
Sat Oct 31 2020 20:11:39 GMT-0400 (Eastern Daylight Time), 75.4
Sat Oct 31 2020 20:12:40 GMT-0400 (Eastern Daylight Time), 75.0
Sat Oct 31 2020 20:13:40 GMT-0400 (Eastern Daylight Time), 75.0
Sat Oct 31 2020 20:14:40 GMT-0400 (Eastern Daylight Time), 75.0
Sat Oct 31 2020 20:15:40 GMT-0400 (Eastern Daylight Time), 75.0
Sat Oct 31 2020 20:16:41 GMT-0400 (Eastern Daylight Time), 75.2
Sat Oct 31 2020 20:17:41 GMT-0400 (Eastern Daylight Time), 75.4
Sat Oct 31 2020 20:18:42 GMT-0400 (Eastern Daylight Time), 75.6
Sat Oct 31 2020 20:19:43 GMT-0400 (Eastern Daylight Time), 75.9
Sat Oct 31 2020 20:20:45 GMT-0400 (Eastern Daylight Time), 75.9
Sat Oct 31 2020 20:21:45 GMT-0400 (Eastern Daylight Time), 76.8
Sat Oct 31 2020 20:44:56 GMT-0400 (Eastern Daylight Time), 76.3
Sat Oct 31 2020 20:45:57 GMT-0400 (Eastern Daylight Time), 76.6
Sat Oct 31 2020 20:46:57 GMT-0400 (Eastern Daylight Time), 76.8
Sat Oct 31 2020 20:47:57 GMT-0400 (Eastern Daylight Time), 77.2
Sat Oct 31 2020 20:48:57 GMT-0400 (Eastern Daylight Time), 77.4
Sat Oct 31 2020 20:49:57 GMT-0400 (Eastern Daylight Time), 77.7
Sat Oct 31 2020 20:50:58 GMT-0400 (Eastern Daylight Time), 77.7
Sat Oct 31 2020 20:51:59 GMT-0400 (Eastern Daylight Time), 77.7
Sat Oct 31 2020 20:52:59 GMT-0400 (Eastern Daylight Time), 77.7
Sat Oct 31 2020 20:53:59 GMT-0400 (Eastern Daylight Time), 77.5
Sat Oct 31 2020 20:54:59 GMT-0400 (Eastern Daylight Time), 77.4
Sat Oct 31 2020 20:55:59 GMT-0400 (Eastern Daylight Time), 77.2
Sat Oct 31 2020 20:57:00 GMT-0400 (Eastern Daylight Time), 77.0
Sat Oct 31 2020 20:58:00 GMT-0400 (Eastern Daylight Time), 76.8
Sat Oct 31 2020 20:59:00 GMT-0400 (Eastern Daylight Time), 76.5
Sat Oct 31 2020 21:00:00 GMT-0400 (Eastern Daylight Time), 76.1
Sat Oct 31 2020 21:01:00 GMT-0400 (Eastern Daylight Time), 75.9
Sat Oct 31 2020 21:02:01 GMT-0400 (Eastern Daylight Time), 75.6
Sat Oct 31 2020 21:03:01 GMT-0400 (Eastern Daylight Time), 75.4
Sat Oct 31 2020 21:04:01 GMT-0400 (Eastern Daylight Time), 75.2
Sat Oct 31 2020 21:05:01 GMT-0400 (Eastern Daylight Time), 75.0
Sat Oct 31 2020 21:06:01 GMT-0400 (Eastern Daylight Time), 75.0
Sat Oct 31 2020 21:07:01 GMT-0400 (Eastern Daylight Time), 75.2
Sat Oct 31 2020 21:08:02 GMT-0400 (Eastern Daylight Time), 75.2
Sat Oct 31 2020 21:08:15 GMT-0400 (Eastern Daylight Time), 75.4
Sat Oct 31 2020 21:09:15 GMT-0400 (Eastern Daylight Time), 75.7
Sat Oct 31 2020 21:10:16 GMT-0400 (Eastern Daylight Time), 76.3
Sat Oct 31 2020 21:11:16 GMT-0400 (Eastern Daylight Time), 76.6
Sat Oct 31 2020 21:12:17 GMT-0400 (Eastern Daylight Time), 76.8
Sat Oct 31 2020 21:13:17 GMT-0400 (Eastern Daylight Time), 77.2
Sat Oct 31 2020 21:14:17 GMT-0400 (Eastern Daylight Time), 77.5
Sat Oct 31 2020 21:19:00 GMT-0400 (Eastern Daylight Time), 78.3
Sat Oct 31 2020 21:20:00 GMT-0400 (Eastern Daylight Time), 78.1
Sat Oct 31 2020 21:21:00 GMT-0400 (Eastern Daylight Time), 77.9
Sat Oct 31 2020 21:22:00 GMT-0400 (Eastern Daylight Time), 77.7
Sat Oct 31 2020 21:23:00 GMT-0400 (Eastern Daylight Time), 77.5
Sat Oct 31 2020 21:24:00 GMT-0400 (Eastern Daylight Time), 77.4
Sat Oct 31 2020 21:25:00 GMT-0400 (Eastern Daylight Time), 77.0
Sat Oct 31 2020 21:26:01 GMT-0400 (Eastern Daylight Time), 76.6
Sat Oct 31 2020 21:27:01 GMT-0400 (Eastern Daylight Time), 76.3
Sat Oct 31 2020 21:28:01 GMT-0400 (Eastern Daylight Time), 75.9
Sat Oct 31 2020 21:29:01 GMT-0400 (Eastern Daylight Time), 75.7
Sat Oct 31 2020 21:30:01 GMT-0400 (Eastern Daylight Time), 75.2
Sat Oct 31 2020 21:31:02 GMT-0400 (Eastern Daylight Time), 75.0
Sat Oct 31 2020 21:32:02 GMT-0400 (Eastern Daylight Time), 74.8
Sat Oct 31 2020 21:33:02 GMT-0400 (Eastern Daylight Time), 74.8
Sat Oct 31 2020 21:34:03 GMT-0400 (Eastern Daylight Time), 74.8
Sat Oct 31 2020 21:35:03 GMT-0400 (Eastern Daylight Time), 75.0
Sat Oct 31 2020 21:36:03 GMT-0400 (Eastern Daylight Time), 75.4
Sat Oct 31 2020 21:37:03 GMT-0400 (Eastern Daylight Time), 75.6
Sat Oct 31 2020 21:38:03 GMT-0400 (Eastern Daylight Time), 75.9
Sat Oct 31 2020 21:39:03 GMT-0400 (Eastern Daylight Time), 76.1
Sat Oct 31 2020 21:40:04 GMT-0400 (Eastern Daylight Time), 76.6
Sat Oct 31 2020 21:41:04 GMT-0400 (Eastern Daylight Time), 76.8
Sat Oct 31 2020 21:42:04 GMT-0400 (Eastern Daylight Time), 77.0
Sat Oct 31 2020 21:43:04 GMT-0400 (Eastern Daylight Time), 77.2
Sat Oct 31 2020 21:44:04 GMT-0400 (Eastern Daylight Time), 77.2
Sat Oct 31 2020 21:45:05 GMT-0400 (Eastern Daylight Time), 77.2
Sat Oct 31 2020 21:46:05 GMT-0400 (Eastern Daylight Time), 77.0
Sat Oct 31 2020 21:47:05 GMT-0400 (Eastern Daylight Time), 76.8
Sat Oct 31 2020 21:48:05 GMT-0400 (Eastern Daylight Time), 76.6
Sat Oct 31 2020 21:49:05 GMT-0400 (Eastern Daylight Time), 76.5
Sat Oct 31 2020 21:50:05 GMT-0400 (Eastern Daylight Time), 76.3
Sat Oct 31 2020 21:51:05 GMT-0400 (Eastern Daylight Time), 76.1
Sat Oct 31 2020 21:52:05 GMT-0400 (Eastern Daylight Time), 75.7
Sat Oct 31 2020 21:59:01 GMT-0400 (Eastern Daylight Time), 74.7
Sat Oct 31 2020 22:00:01 GMT-0400 (Eastern Daylight Time), 74.8
Sat Oct 31 2020 22:01:01 GMT-0400 (Eastern Daylight Time), 75.0
Sat Oct 31 2020 22:01:33 GMT-0400 (Eastern Daylight Time), 75.2
Sat Oct 31 2020 22:02:33 GMT-0400 (Eastern Daylight Time), 75.4
Sat Oct 31 2020 22:03:33 GMT-0400 (Eastern Daylight Time), 75.7
Sat Oct 31 2020 22:04:33 GMT-0400 (Eastern Daylight Time), 76.3
Sat Oct 31 2020 22:05:34 GMT-0400 (Eastern Daylight Time), 76.6
Sat Oct 31 2020 22:06:34 GMT-0400 (Eastern Daylight Time), 76.8
Sat Oct 31 2020 22:07:34 GMT-0400 (Eastern Daylight Time), 77.4
Sun Nov 01 2020 08:57:43 GMT-0500 (Eastern Standard Time), 78.4
Sun Nov 01 2020 08:58:43 GMT-0500 (Eastern Standard Time), 78.3
Sun Nov 01 2020 08:58:52 GMT-0500 (Eastern Standard Time), 78.1
Sun Nov 01 2020 08:59:52 GMT-0500 (Eastern Standard Time), 77.9
Sun Nov 01 2020 09:00:39 GMT-0500 (Eastern Standard Time), 77.7
Sun Nov 01 2020 09:01:39 GMT-0500 (Eastern Standard Time), 77.4
Sun Nov 01 2020 09:02:01 GMT-0500 (Eastern Standard Time), 77.4
Sun Nov 01 2020 09:03:01 GMT-0500 (Eastern Standard Time), 77.0
Sun Nov 01 2020 09:04:02 GMT-0500 (Eastern Standard Time), 76.6
Sun Nov 01 2020 09:05:02 GMT-0500 (Eastern Standard Time), 76.5
Sun Nov 01 2020 09:06:02 GMT-0500 (Eastern Standard Time), 76.1
Sun Nov 01 2020 09:07:03 GMT-0500 (Eastern Standard Time), 76.1
Sun Nov 01 2020 09:08:03 GMT-0500 (Eastern Standard Time), 76.1
Sun Nov 01 2020 09:09:03 GMT-0500 (Eastern Standard Time), 76.3
Sun Nov 01 2020 09:10:03 GMT-0500 (Eastern Standard Time), 76.5
Sun Nov 01 2020 09:11:03 GMT-0500 (Eastern Standard Time), 76.6
Sun Nov 01 2020 09:12:03 GMT-0500 (Eastern Standard Time), 77.0
Sun Nov 01 2020 09:13:03 GMT-0500 (Eastern Standard Time), 77.4
Sun Nov 01 2020 09:14:03 GMT-0500 (Eastern Standard Time), 77.9
Sun Nov 01 2020 09:15:03 GMT-0500 (Eastern Standard Time), 78.1
Sun Nov 01 2020 09:16:04 GMT-0500 (Eastern Standard Time), 78.3
Sun Nov 01 2020 09:17:04 GMT-0500 (Eastern Standard Time), 78.8
Sun Nov 01 2020 09:18:04 GMT-0500 (Eastern Standard Time), 79.2
Sun Nov 01 2020 09:19:04 GMT-0500 (Eastern Standard Time), 79.5
Sun Nov 01 2020 09:20:05 GMT-0500 (Eastern Standard Time), 79.7
Sun Nov 01 2020 09:21:05 GMT-0500 (Eastern Standard Time), 79.3
Sun Nov 01 2020 09:22:05 GMT-0500 (Eastern Standard Time), 79.2
Sun Nov 01 2020 09:23:05 GMT-0500 (Eastern Standard Time), 79.0
Sun Nov 01 2020 09:24:05 GMT-0500 (Eastern Standard Time), 78.8
Sun Nov 01 2020 09:25:05 GMT-0500 (Eastern Standard Time), 78.4
Sun Nov 01 2020 09:26:05 GMT-0500 (Eastern Standard Time), 78.1
Sun Nov 01 2020 09:27:05 GMT-0500 (Eastern Standard Time), 77.9
Sun Nov 01 2020 09:28:05 GMT-0500 (Eastern Standard Time), 77.5
Sun Nov 01 2020 09:29:05 GMT-0500 (Eastern Standard Time), 77.4
Sun Nov 01 2020 09:30:05 GMT-0500 (Eastern Standard Time), 77.0
Sun Nov 01 2020 09:31:05 GMT-0500 (Eastern Standard Time), 76.6
Sun Nov 01 2020 09:32:05 GMT-0500 (Eastern Standard Time), 76.5
Sun Nov 01 2020 09:33:05 GMT-0500 (Eastern Standard Time), 76.3
Sun Nov 01 2020 09:34:05 GMT-0500 (Eastern Standard Time), 76.1
Sun Nov 01 2020 09:35:05 GMT-0500 (Eastern Standard Time), 76.1
Sun Nov 01 2020 09:36:05 GMT-0500 (Eastern Standard Time), 76.3
Sun Nov 01 2020 09:37:06 GMT-0500 (Eastern Standard Time), 76.5
Sun Nov 01 2020 09:38:06 GMT-0500 (Eastern Standard Time), 76.8
Sun Nov 01 2020 09:39:06 GMT-0500 (Eastern Standard Time), 77.0
Sun Nov 01 2020 09:40:06 GMT-0500 (Eastern Standard Time), 77.7
Sun Nov 01 2020 09:41:07 GMT-0500 (Eastern Standard Time), 78.1
Sun Nov 01 2020 09:42:07 GMT-0500 (Eastern Standard Time), 78.4
Sun Nov 01 2020 09:43:07 GMT-0500 (Eastern Standard Time), 78.8
Sun Nov 01 2020 09:44:08 GMT-0500 (Eastern Standard Time), 79.2
Sun Nov 01 2020 09:45:08 GMT-0500 (Eastern Standard Time), 79.3
Sun Nov 01 2020 09:46:08 GMT-0500 (Eastern Standard Time), 79.5
Sun Nov 01 2020 09:47:08 GMT-0500 (Eastern Standard Time), 79.5
Sun Nov 01 2020 09:48:08 GMT-0500 (Eastern Standard Time), 79.5
Sun Nov 01 2020 09:49:08 GMT-0500 (Eastern Standard Time), 79.3
Sun Nov 01 2020 09:50:09 GMT-0500 (Eastern Standard Time), 79.2
Sun Nov 01 2020 09:51:09 GMT-0500 (Eastern Standard Time), 78.8
Sun Nov 01 2020 09:52:09 GMT-0500 (Eastern Standard Time), 78.6
Sun Nov 01 2020 09:53:10 GMT-0500 (Eastern Standard Time), 78.4
Sun Nov 01 2020 09:54:10 GMT-0500 (Eastern Standard Time), 78.1
Sun Nov 01 2020 09:55:11 GMT-0500 (Eastern Standard Time), 77.9
Sun Nov 01 2020 09:56:11 GMT-0500 (Eastern Standard Time), 77.5
Sun Nov 01 2020 09:57:11 GMT-0500 (Eastern Standard Time), 77.4
Sun Nov 01 2020 09:58:11 GMT-0500 (Eastern Standard Time), 77.0
Sun Nov 01 2020 09:59:12 GMT-0500 (Eastern Standard Time), 76.6
Sun Nov 01 2020 10:00:12 GMT-0500 (Eastern Standard Time), 76.5
Sun Nov 01 2020 10:01:12 GMT-0500 (Eastern Standard Time), 76.3
Sun Nov 01 2020 10:02:12 GMT-0500 (Eastern Standard Time), 76.1
Sun Nov 01 2020 10:03:13 GMT-0500 (Eastern Standard Time), 76.3
Sun Nov 01 2020 10:04:14 GMT-0500 (Eastern Standard Time), 76.5
Sun Nov 01 2020 10:05:14 GMT-0500 (Eastern Standard Time), 76.6
Sun Nov 01 2020 10:06:14 GMT-0500 (Eastern Standard Time), 77.2
Sun Nov 01 2020 10:07:14 GMT-0500 (Eastern Standard Time), 77.4
Sun Nov 01 2020 10:08:14 GMT-0500 (Eastern Standard Time), 77.9
Sun Nov 01 2020 10:09:14 GMT-0500 (Eastern Standard Time), 78.3
Sun Nov 01 2020 10:10:15 GMT-0500 (Eastern Standard Time), 78.6
Sun Nov 01 2020 10:11:15 GMT-0500 (Eastern Standard Time), 78.8
Sun Nov 01 2020 10:12:15 GMT-0500 (Eastern Standard Time), 79.2
Sun Nov 01 2020 10:13:16 GMT-0500 (Eastern Standard Time), 79.3
Sun Nov 01 2020 10:14:16 GMT-0500 (Eastern Standard Time), 79.3
Sun Nov 01 2020 10:15:16 GMT-0500 (Eastern Standard Time), 79.2
Sun Nov 01 2020 10:16:16 GMT-0500 (Eastern Standard Time), 79.0
Sun Nov 01 2020 10:17:16 GMT-0500 (Eastern Standard Time), 78.8
Sun Nov 01 2020 10:18:17 GMT-0500 (Eastern Standard Time), 78.4
Sun Nov 01 2020 10:19:17 GMT-0500 (Eastern Standard Time), 78.3
Sun Nov 01 2020 10:20:17 GMT-0500 (Eastern Standard Time), 77.9
Sun Nov 01 2020 10:21:21 GMT-0500 (Eastern Standard Time), 77.7
Sun Nov 01 2020 10:22:21 GMT-0500 (Eastern Standard Time), 77.4
Sun Nov 01 2020 10:23:22 GMT-0500 (Eastern Standard Time), 77.0
Sun Nov 01 2020 10:24:22 GMT-0500 (Eastern Standard Time), 76.8
Sun Nov 01 2020 10:25:22 GMT-0500 (Eastern Standard Time), 76.5
Sun Nov 01 2020 10:26:22 GMT-0500 (Eastern Standard Time), 76.3
Sun Nov 01 2020 10:27:22 GMT-0500 (Eastern Standard Time), 76.1
Sun Nov 01 2020 10:28:22 GMT-0500 (Eastern Standard Time), 76.3
Sun Nov 01 2020 10:29:22 GMT-0500 (Eastern Standard Time), 76.3
Sun Nov 01 2020 10:30:23 GMT-0500 (Eastern Standard Time), 76.5
Sun Nov 01 2020 10:31:23 GMT-0500 (Eastern Standard Time), 76.8
Sun Nov 01 2020 10:32:23 GMT-0500 (Eastern Standard Time), 77.2
Sun Nov 01 2020 10:33:23 GMT-0500 (Eastern Standard Time), 77.5
Sun Nov 01 2020 10:34:24 GMT-0500 (Eastern Standard Time), 78.1
Sun Nov 01 2020 10:35:24 GMT-0500 (Eastern Standard Time), 78.6
Sun Nov 01 2020 10:36:24 GMT-0500 (Eastern Standard Time), 79.0
Sun Nov 01 2020 10:37:24 GMT-0500 (Eastern Standard Time), 79.3
Sun Nov 01 2020 10:38:25 GMT-0500 (Eastern Standard Time), 79.7
Sun Nov 01 2020 10:39:25 GMT-0500 (Eastern Standard Time), 79.9
Sun Nov 01 2020 10:40:25 GMT-0500 (Eastern Standard Time), 80.1
Sun Nov 01 2020 10:41:25 GMT-0500 (Eastern Standard Time), 79.9
Sun Nov 01 2020 10:42:25 GMT-0500 (Eastern Standard Time), 79.7
Sun Nov 01 2020 10:43:25 GMT-0500 (Eastern Standard Time), 79.5
Sun Nov 01 2020 10:44:26 GMT-0500 (Eastern Standard Time), 79.2
Sun Nov 01 2020 10:45:26 GMT-0500 (Eastern Standard Time), 78.8
Sun Nov 01 2020 10:46:26 GMT-0500 (Eastern Standard Time), 78.4
Sun Nov 01 2020 10:47:26 GMT-0500 (Eastern Standard Time), 78.3
Sun Nov 01 2020 10:48:27 GMT-0500 (Eastern Standard Time), 77.9
Sun Nov 01 2020 10:49:27 GMT-0500 (Eastern Standard Time), 77.7
Sun Nov 01 2020 10:50:27 GMT-0500 (Eastern Standard Time), 77.4
Sun Nov 01 2020 10:51:27 GMT-0500 (Eastern Standard Time), 77.2
Sun Nov 01 2020 10:51:39 GMT-0500 (Eastern Standard Time), 77.0
Sun Nov 01 2020 10:52:39 GMT-0500 (Eastern Standard Time), 76.6
Sun Nov 01 2020 10:53:39 GMT-0500 (Eastern Standard Time), 76.5
Sun Nov 01 2020 10:54:39 GMT-0500 (Eastern Standard Time), 76.3
Sun Nov 01 2020 10:55:27 GMT-0500 (Eastern Standard Time), 76.1
Sun Nov 01 2020 10:56:27 GMT-0500 (Eastern Standard Time), 76.3
Sun Nov 01 2020 10:57:27 GMT-0500 (Eastern Standard Time), 76.5
Sun Nov 01 2020 10:58:27 GMT-0500 (Eastern Standard Time), 76.6
Sun Nov 01 2020 10:59:27 GMT-0500 (Eastern Standard Time), 77.0
Sun Nov 01 2020 11:00:27 GMT-0500 (Eastern Standard Time), 77.4
Sun Nov 01 2020 11:01:28 GMT-0500 (Eastern Standard Time), 77.9
Sun Nov 01 2020 11:02:28 GMT-0500 (Eastern Standard Time), 78.3
Sun Nov 01 2020 11:03:29 GMT-0500 (Eastern Standard Time), 78.6
Sun Nov 01 2020 11:04:29 GMT-0500 (Eastern Standard Time), 78.8
Sun Nov 01 2020 11:05:21 GMT-0500 (Eastern Standard Time), 79.2
Sun Nov 01 2020 11:06:21 GMT-0500 (Eastern Standard Time), 79.3
Sun Nov 01 2020 11:06:54 GMT-0500 (Eastern Standard Time), 79.5
Sun Nov 01 2020 11:07:54 GMT-0500 (Eastern Standard Time), 79.7
Sun Nov 01 2020 11:08:22 GMT-0500 (Eastern Standard Time), 79.7
Sun Nov 01 2020 11:09:22 GMT-0500 (Eastern Standard Time), 79.5
Sun Nov 01 2020 11:10:23 GMT-0500 (Eastern Standard Time), 79.3
Sun Nov 01 2020 11:11:23 GMT-0500 (Eastern Standard Time), 79.2
Sun Nov 01 2020 11:12:23 GMT-0500 (Eastern Standard Time), 78.8
Sun Nov 01 2020 11:13:23 GMT-0500 (Eastern Standard Time), 78.4
Sun Nov 01 2020 11:14:23 GMT-0500 (Eastern Standard Time), 78.3
Sun Nov 01 2020 11:15:25 GMT-0500 (Eastern Standard Time), 77.9
Sun Nov 01 2020 11:16:25 GMT-0500 (Eastern Standard Time), 77.5
Sun Nov 01 2020 11:17:26 GMT-0500 (Eastern Standard Time), 77.4
Sun Nov 01 2020 11:18:27 GMT-0500 (Eastern Standard Time), 77.0
Sun Nov 01 2020 11:19:27 GMT-0500 (Eastern Standard Time), 76.6
Sun Nov 01 2020 11:20:27 GMT-0500 (Eastern Standard Time), 76.5
Sun Nov 01 2020 11:21:27 GMT-0500 (Eastern Standard Time), 76.3
Sun Nov 01 2020 11:22:27 GMT-0500 (Eastern Standard Time), 76.1
Sun Nov 01 2020 11:23:27 GMT-0500 (Eastern Standard Time), 76.3
Sun Nov 01 2020 11:24:27 GMT-0500 (Eastern Standard Time), 76.5
Sun Nov 01 2020 11:25:29 GMT-0500 (Eastern Standard Time), 76.5
Sun Nov 01 2020 11:26:30 GMT-0500 (Eastern Standard Time), 77.0
Sun Nov 01 2020 11:27:31 GMT-0500 (Eastern Standard Time), 77.4
Sun Nov 01 2020 11:28:32 GMT-0500 (Eastern Standard Time), 77.7
Sun Nov 01 2020 11:29:32 GMT-0500 (Eastern Standard Time), 78.1
Sun Nov 01 2020 11:30:32 GMT-0500 (Eastern Standard Time), 78.4
Sun Nov 01 2020 11:31:32 GMT-0500 (Eastern Standard Time), 78.8
Sun Nov 01 2020 11:32:32 GMT-0500 (Eastern Standard Time), 79.3
Sun Nov 01 2020 11:33:32 GMT-0500 (Eastern Standard Time), 79.7
Sun Nov 01 2020 11:34:33 GMT-0500 (Eastern Standard Time), 79.7
Sun Nov 01 2020 11:35:33 GMT-0500 (Eastern Standard Time), 79.5
Sun Nov 01 2020 11:36:34 GMT-0500 (Eastern Standard Time), 79.3
Sun Nov 01 2020 11:37:35 GMT-0500 (Eastern Standard Time), 79.0
Sun Nov 01 2020 11:38:35 GMT-0500 (Eastern Standard Time), 78.8
Sun Nov 01 2020 11:39:35 GMT-0500 (Eastern Standard Time), 78.4
Sun Nov 01 2020 11:40:36 GMT-0500 (Eastern Standard Time), 78.3
Sun Nov 01 2020 11:41:36 GMT-0500 (Eastern Standard Time), 77.9
Sun Nov 01 2020 11:42:36 GMT-0500 (Eastern Standard Time), 77.7
Sun Nov 01 2020 11:43:36 GMT-0500 (Eastern Standard Time), 77.4
Sun Nov 01 2020 11:44:36 GMT-0500 (Eastern Standard Time), 77.2
Sun Nov 01 2020 11:45:37 GMT-0500 (Eastern Standard Time), 76.6
Sun Nov 01 2020 11:46:37 GMT-0500 (Eastern Standard Time), 76.5
Sun Nov 01 2020 11:47:37 GMT-0500 (Eastern Standard Time), 76.3
Sun Nov 01 2020 11:48:38 GMT-0500 (Eastern Standard Time), 76.3
Sun Nov 01 2020 11:49:38 GMT-0500 (Eastern Standard Time), 76.3
Sun Nov 01 2020 11:50:38 GMT-0500 (Eastern Standard Time), 76.5
Sun Nov 01 2020 11:51:38 GMT-0500 (Eastern Standard Time), 76.6
Sun Nov 01 2020 11:52:38 GMT-0500 (Eastern Standard Time), 76.8
Sun Nov 01 2020 11:53:39 GMT-0500 (Eastern Standard Time), 77.2
Sun Nov 01 2020 11:54:39 GMT-0500 (Eastern Standard Time), 77.7
Sun Nov 01 2020 11:55:39 GMT-0500 (Eastern Standard Time), 78.3
Sun Nov 01 2020 11:56:18 GMT-0500 (Eastern Standard Time), 78.4
Sun Nov 01 2020 11:57:18 GMT-0500 (Eastern Standard Time), 78.8
Sun Nov 01 2020 11:58:18 GMT-0500 (Eastern Standard Time), 79.2
Sun Nov 01 2020 11:59:18 GMT-0500 (Eastern Standard Time), 79.5
Sun Nov 01 2020 12:00:18 GMT-0500 (Eastern Standard Time), 79.7
Sun Nov 01 2020 12:01:19 GMT-0500 (Eastern Standard Time), 79.7
Sun Nov 01 2020 12:02:19 GMT-0500 (Eastern Standard Time), 79.5
Sun Nov 01 2020 12:03:19 GMT-0500 (Eastern Standard Time), 79.3
Sun Nov 01 2020 12:04:19 GMT-0500 (Eastern Standard Time), 79.0
Sun Nov 01 2020 12:05:20 GMT-0500 (Eastern Standard Time), 78.6
Sun Nov 01 2020 12:06:20 GMT-0500 (Eastern Standard Time), 78.4
Sun Nov 01 2020 12:07:20 GMT-0500 (Eastern Standard Time), 78.1
Sun Nov 01 2020 12:08:20 GMT-0500 (Eastern Standard Time), 77.7
Sun Nov 01 2020 12:09:20 GMT-0500 (Eastern Standard Time), 77.5
Sun Nov 01 2020 12:10:20 GMT-0500 (Eastern Standard Time), 77.4
Sun Nov 01 2020 12:11:21 GMT-0500 (Eastern Standard Time), 77.0
Sun Nov 01 2020 12:12:21 GMT-0500 (Eastern Standard Time), 76.6
Sun Nov 01 2020 12:13:21 GMT-0500 (Eastern Standard Time), 76.5
Sun Nov 01 2020 12:14:22 GMT-0500 (Eastern Standard Time), 76.3
Sun Nov 01 2020 12:15:22 GMT-0500 (Eastern Standard Time), 76.3
Sun Nov 01 2020 12:16:23 GMT-0500 (Eastern Standard Time), 76.3
Sun Nov 01 2020 12:17:23 GMT-0500 (Eastern Standard Time), 76.5
Sun Nov 01 2020 12:18:23 GMT-0500 (Eastern Standard Time), 76.8
Sun Nov 01 2020 12:19:23 GMT-0500 (Eastern Standard Time), 77.0
Sun Nov 01 2020 12:20:23 GMT-0500 (Eastern Standard Time), 77.4
Sun Nov 01 2020 12:21:23 GMT-0500 (Eastern Standard Time), 77.7
Sun Nov 01 2020 12:22:23 GMT-0500 (Eastern Standard Time), 78.3
Sun Nov 01 2020 12:23:23 GMT-0500 (Eastern Standard Time), 78.6
Sun Nov 01 2020 12:24:24 GMT-0500 (Eastern Standard Time), 79.0
Sun Nov 01 2020 12:25:24 GMT-0500 (Eastern Standard Time), 79.3
Sun Nov 01 2020 12:26:24 GMT-0500 (Eastern Standard Time), 79.5
Sun Nov 01 2020 12:27:24 GMT-0500 (Eastern Standard Time), 79.5
Sun Nov 01 2020 12:28:24 GMT-0500 (Eastern Standard Time), 79.3
Sun Nov 01 2020 12:29:25 GMT-0500 (Eastern Standard Time), 79.3
Sun Nov 01 2020 12:30:25 GMT-0500 (Eastern Standard Time), 79.2
Sun Nov 01 2020 12:31:25 GMT-0500 (Eastern Standard Time), 78.3
Sun Nov 01 2020 12:32:25 GMT-0500 (Eastern Standard Time), 77.7
Sun Nov 01 2020 12:33:25 GMT-0500 (Eastern Standard Time), 77.2
Sun Nov 01 2020 12:34:26 GMT-0500 (Eastern Standard Time), 76.8
Sun Nov 01 2020 12:35:27 GMT-0500 (Eastern Standard Time), 76.6
Sun Nov 01 2020 12:36:27 GMT-0500 (Eastern Standard Time), 76.3
Sun Nov 01 2020 12:37:27 GMT-0500 (Eastern Standard Time), 75.9
Sun Nov 01 2020 12:38:27 GMT-0500 (Eastern Standard Time), 75.9
Sun Nov 01 2020 12:39:27 GMT-0500 (Eastern Standard Time), 75.7
Sun Nov 01 2020 12:40:27 GMT-0500 (Eastern Standard Time), 75.7
Sun Nov 01 2020 12:41:27 GMT-0500 (Eastern Standard Time), 75.7
Sun Nov 01 2020 12:42:27 GMT-0500 (Eastern Standard Time), 75.2
Sun Nov 01 2020 12:43:28 GMT-0500 (Eastern Standard Time), 75.0
Sun Nov 01 2020 12:44:28 GMT-0500 (Eastern Standard Time), 75.2
Sun Nov 01 2020 12:45:28 GMT-0500 (Eastern Standard Time), 75.6
Sun Nov 01 2020 12:46:29 GMT-0500 (Eastern Standard Time), 75.9
Sun Nov 01 2020 12:47:29 GMT-0500 (Eastern Standard Time), 76.3
Sun Nov 01 2020 12:48:29 GMT-0500 (Eastern Standard Time), 76.8
Sun Nov 01 2020 12:49:29 GMT-0500 (Eastern Standard Time), 77.2
Sun Nov 01 2020 12:50:29 GMT-0500 (Eastern Standard Time), 77.5
Sun Nov 01 2020 12:51:29 GMT-0500 (Eastern Standard Time), 78.1
Sun Nov 01 2020 12:52:29 GMT-0500 (Eastern Standard Time), 78.4
Sun Nov 01 2020 12:53:29 GMT-0500 (Eastern Standard Time), 78.3
Sun Nov 01 2020 12:54:29 GMT-0500 (Eastern Standard Time), 78.3
Sun Nov 01 2020 12:55:29 GMT-0500 (Eastern Standard Time), 78.3
Sun Nov 01 2020 12:56:30 GMT-0500 (Eastern Standard Time), 78.3
Sun Nov 01 2020 12:57:30 GMT-0500 (Eastern Standard Time), 78.1
Sun Nov 01 2020 12:58:30 GMT-0500 (Eastern Standard Time), 78.1
Sun Nov 01 2020 12:59:31 GMT-0500 (Eastern Standard Time), 77.9
Sun Nov 01 2020 13:00:31 GMT-0500 (Eastern Standard Time), 77.7
Sun Nov 01 2020 13:01:31 GMT-0500 (Eastern Standard Time), 77.7
Sun Nov 01 2020 13:02:31 GMT-0500 (Eastern Standard Time), 77.4
Sun Nov 01 2020 13:03:32 GMT-0500 (Eastern Standard Time), 77.2
Sun Nov 01 2020 13:04:32 GMT-0500 (Eastern Standard Time), 77.0
Sun Nov 01 2020 13:05:32 GMT-0500 (Eastern Standard Time), 76.8
Sun Nov 01 2020 13:06:32 GMT-0500 (Eastern Standard Time), 76.6
Sun Nov 01 2020 13:07:32 GMT-0500 (Eastern Standard Time), 76.6
Sun Nov 01 2020 13:08:32 GMT-0500 (Eastern Standard Time), 76.6
Sun Nov 01 2020 13:09:32 GMT-0500 (Eastern Standard Time), 76.8
Sun Nov 01 2020 13:10:32 GMT-0500 (Eastern Standard Time), 77.0
Sun Nov 01 2020 13:11:32 GMT-0500 (Eastern Standard Time), 77.4
Sun Nov 01 2020 13:12:33 GMT-0500 (Eastern Standard Time), 77.7
Sun Nov 01 2020 13:13:33 GMT-0500 (Eastern Standard Time), 78.1
Sun Nov 01 2020 13:14:33 GMT-0500 (Eastern Standard Time), 78.4
Sun Nov 01 2020 13:15:33 GMT-0500 (Eastern Standard Time), 78.8
Sun Nov 01 2020 13:16:33 GMT-0500 (Eastern Standard Time), 79.2
Sun Nov 01 2020 13:17:33 GMT-0500 (Eastern Standard Time), 79.5
Sun Nov 01 2020 13:18:33 GMT-0500 (Eastern Standard Time), 79.9
Sun Nov 01 2020 13:19:34 GMT-0500 (Eastern Standard Time), 80.1
Sun Nov 01 2020 13:20:34 GMT-0500 (Eastern Standard Time), 80.2
Sun Nov 01 2020 13:21:34 GMT-0500 (Eastern Standard Time), 80.2
Sun Nov 01 2020 13:22:34 GMT-0500 (Eastern Standard Time), 80.2
Sun Nov 01 2020 13:23:34 GMT-0500 (Eastern Standard Time), 80.1
Sun Nov 01 2020 13:24:34 GMT-0500 (Eastern Standard Time), 79.9
Sun Nov 01 2020 13:25:34 GMT-0500 (Eastern Standard Time), 79.5
Sun Nov 01 2020 13:26:34 GMT-0500 (Eastern Standard Time), 79.5
Sun Nov 01 2020 13:27:35 GMT-0500 (Eastern Standard Time), 79.0
Sun Nov 01 2020 13:28:35 GMT-0500 (Eastern Standard Time), 77.5
Sun Nov 01 2020 13:29:35 GMT-0500 (Eastern Standard Time), 76.3
Sun Nov 01 2020 13:30:35 GMT-0500 (Eastern Standard Time), 75.4
Sun Nov 01 2020 13:31:35 GMT-0500 (Eastern Standard Time), 74.8
Sun Nov 01 2020 13:32:35 GMT-0500 (Eastern Standard Time), 74.7
Sun Nov 01 2020 13:33:35 GMT-0500 (Eastern Standard Time), 74.5
Sun Nov 01 2020 13:34:36 GMT-0500 (Eastern Standard Time), 73.8
Sun Nov 01 2020 13:35:36 GMT-0500 (Eastern Standard Time), 73.0
Sun Nov 01 2020 13:36:36 GMT-0500 (Eastern Standard Time), 72.1
Sun Nov 01 2020 13:37:36 GMT-0500 (Eastern Standard Time), 71.8
Sun Nov 01 2020 13:38:36 GMT-0500 (Eastern Standard Time), 71.4
Sun Nov 01 2020 13:39:36 GMT-0500 (Eastern Standard Time), 71.2
Sun Nov 01 2020 13:40:37 GMT-0500 (Eastern Standard Time), 71.1
Sun Nov 01 2020 13:41:37 GMT-0500 (Eastern Standard Time), 71.4
Sun Nov 01 2020 13:42:38 GMT-0500 (Eastern Standard Time), 72.0
Sun Nov 01 2020 13:43:38 GMT-0500 (Eastern Standard Time), 72.7
Sun Nov 01 2020 13:44:38 GMT-0500 (Eastern Standard Time), 73.6
Sun Nov 01 2020 13:45:38 GMT-0500 (Eastern Standard Time), 74.5
Sun Nov 01 2020 13:46:38 GMT-0500 (Eastern Standard Time), 74.8
Sun Nov 01 2020 13:47:38 GMT-0500 (Eastern Standard Time), 75.2
Sun Nov 01 2020 13:48:39 GMT-0500 (Eastern Standard Time), 75.7
Sun Nov 01 2020 13:49:40 GMT-0500 (Eastern Standard Time), 76.1
Sun Nov 01 2020 13:50:40 GMT-0500 (Eastern Standard Time), 76.3
Sun Nov 01 2020 13:51:41 GMT-0500 (Eastern Standard Time), 76.5
Sun Nov 01 2020 13:52:41 GMT-0500 (Eastern Standard Time), 76.5
Sun Nov 01 2020 13:53:41 GMT-0500 (Eastern Standard Time), 76.5
Sun Nov 01 2020 13:54:41 GMT-0500 (Eastern Standard Time), 76.3
Sun Nov 01 2020 13:55:41 GMT-0500 (Eastern Standard Time), 76.1
Sun Nov 01 2020 13:56:41 GMT-0500 (Eastern Standard Time), 75.9
Sun Nov 01 2020 13:57:42 GMT-0500 (Eastern Standard Time), 75.7
Sun Nov 01 2020 13:58:42 GMT-0500 (Eastern Standard Time), 75.6
Sun Nov 01 2020 13:59:43 GMT-0500 (Eastern Standard Time), 75.2
Sun Nov 01 2020 14:00:43 GMT-0500 (Eastern Standard Time), 75.2
Sun Nov 01 2020 14:01:43 GMT-0500 (Eastern Standard Time), 75.0
Sun Nov 01 2020 14:02:44 GMT-0500 (Eastern Standard Time), 75.2
Sun Nov 01 2020 14:03:44 GMT-0500 (Eastern Standard Time), 75.4
Sun Nov 01 2020 14:04:44 GMT-0500 (Eastern Standard Time), 75.4
Sun Nov 01 2020 14:05:44 GMT-0500 (Eastern Standard Time), 75.7
Sun Nov 01 2020 14:06:45 GMT-0500 (Eastern Standard Time), 76.1
Sun Nov 01 2020 14:07:45 GMT-0500 (Eastern Standard Time), 76.3
Sun Nov 01 2020 14:08:45 GMT-0500 (Eastern Standard Time), 76.5
Sun Nov 01 2020 14:09:45 GMT-0500 (Eastern Standard Time), 76.8
Sun Nov 01 2020 14:10:45 GMT-0500 (Eastern Standard Time), 77.2
Sun Nov 01 2020 14:11:46 GMT-0500 (Eastern Standard Time), 77.5
Sun Nov 01 2020 14:12:46 GMT-0500 (Eastern Standard Time), 77.7
Sun Nov 01 2020 14:13:46 GMT-0500 (Eastern Standard Time), 78.1
Sun Nov 01 2020 14:14:47 GMT-0500 (Eastern Standard Time), 78.3
Sun Nov 01 2020 14:15:47 GMT-0500 (Eastern Standard Time), 78.4
Sun Nov 01 2020 14:16:47 GMT-0500 (Eastern Standard Time), 78.4
Sun Nov 01 2020 14:17:47 GMT-0500 (Eastern Standard Time), 78.4
Sun Nov 01 2020 14:18:47 GMT-0500 (Eastern Standard Time), 78.6
Sun Nov 01 2020 14:19:48 GMT-0500 (Eastern Standard Time), 78.3
Sun Nov 01 2020 14:20:49 GMT-0500 (Eastern Standard Time), 78.3
Sun Nov 01 2020 14:21:49 GMT-0500 (Eastern Standard Time), 78.1
Sun Nov 01 2020 14:22:49 GMT-0500 (Eastern Standard Time), 77.9
Sun Nov 01 2020 14:23:49 GMT-0500 (Eastern Standard Time), 77.7
Sun Nov 01 2020 14:24:50 GMT-0500 (Eastern Standard Time), 77.4
Sun Nov 01 2020 14:25:51 GMT-0500 (Eastern Standard Time), 77.4
Sun Nov 01 2020 14:26:51 GMT-0500 (Eastern Standard Time), 77.0
Sun Nov 01 2020 14:27:51 GMT-0500 (Eastern Standard Time), 76.8
Sun Nov 01 2020 14:28:51 GMT-0500 (Eastern Standard Time), 76.6
Sun Nov 01 2020 14:29:51 GMT-0500 (Eastern Standard Time), 76.6
Sun Nov 01 2020 14:30:51 GMT-0500 (Eastern Standard Time), 76.6
Sun Nov 01 2020 14:31:51 GMT-0500 (Eastern Standard Time), 76.8
Sun Nov 01 2020 14:32:51 GMT-0500 (Eastern Standard Time), 77.0
Sun Nov 01 2020 14:33:51 GMT-0500 (Eastern Standard Time), 77.2
Sun Nov 01 2020 14:34:52 GMT-0500 (Eastern Standard Time), 77.4
Sun Nov 01 2020 14:35:52 GMT-0500 (Eastern Standard Time), 77.7
Sun Nov 01 2020 14:36:52 GMT-0500 (Eastern Standard Time), 77.9
Sun Nov 01 2020 14:37:53 GMT-0500 (Eastern Standard Time), 78.3
Sun Nov 01 2020 14:38:53 GMT-0500 (Eastern Standard Time), 78.4
Sun Nov 01 2020 14:39:53 GMT-0500 (Eastern Standard Time), 78.8
Sun Nov 01 2020 14:40:54 GMT-0500 (Eastern Standard Time), 79.0
Sun Nov 01 2020 14:41:55 GMT-0500 (Eastern Standard Time), 79.0
Sun Nov 01 2020 14:42:55 GMT-0500 (Eastern Standard Time), 79.2
Sun Nov 01 2020 14:43:55 GMT-0500 (Eastern Standard Time), 78.8
Sun Nov 01 2020 14:44:55 GMT-0500 (Eastern Standard Time), 78.6
Sun Nov 01 2020 14:45:55 GMT-0500 (Eastern Standard Time), 78.3
Sun Nov 01 2020 14:46:55 GMT-0500 (Eastern Standard Time), 77.9
Sun Nov 01 2020 14:47:56 GMT-0500 (Eastern Standard Time), 77.5
Sun Nov 01 2020 14:48:56 GMT-0500 (Eastern Standard Time), 77.2
Sun Nov 01 2020 14:49:57 GMT-0500 (Eastern Standard Time), 76.8
Sun Nov 01 2020 14:50:57 GMT-0500 (Eastern Standard Time), 76.5
Sun Nov 01 2020 14:51:58 GMT-0500 (Eastern Standard Time), 75.7
Sun Nov 01 2020 14:52:58 GMT-0500 (Eastern Standard Time), 75.4
Sun Nov 01 2020 14:53:58 GMT-0500 (Eastern Standard Time), 75.2
Sun Nov 01 2020 14:54:58 GMT-0500 (Eastern Standard Time), 74.8
Sun Nov 01 2020 14:55:58 GMT-0500 (Eastern Standard Time), 74.7
Sun Nov 01 2020 14:56:59 GMT-0500 (Eastern Standard Time), 74.7
Sun Nov 01 2020 14:57:59 GMT-0500 (Eastern Standard Time), 74.8
Sun Nov 01 2020 14:58:59 GMT-0500 (Eastern Standard Time), 75.0
Sun Nov 01 2020 14:59:59 GMT-0500 (Eastern Standard Time), 75.0
Sun Nov 01 2020 15:00:59 GMT-0500 (Eastern Standard Time), 75.4
Sun Nov 01 2020 15:01:59 GMT-0500 (Eastern Standard Time), 75.4
Sun Nov 01 2020 15:03:00 GMT-0500 (Eastern Standard Time), 75.7
Sun Nov 01 2020 15:04:00 GMT-0500 (Eastern Standard Time), 75.9
Sun Nov 01 2020 15:05:00 GMT-0500 (Eastern Standard Time), 76.1
Sun Nov 01 2020 15:06:01 GMT-0500 (Eastern Standard Time), 76.5
Sun Nov 01 2020 15:07:01 GMT-0500 (Eastern Standard Time), 76.6
Sun Nov 01 2020 15:08:02 GMT-0500 (Eastern Standard Time), 76.6
Sun Nov 01 2020 15:09:03 GMT-0500 (Eastern Standard Time), 76.8
Sun Nov 01 2020 15:10:03 GMT-0500 (Eastern Standard Time), 76.6
Sun Nov 01 2020 15:11:03 GMT-0500 (Eastern Standard Time), 76.5
Sun Nov 01 2020 15:12:03 GMT-0500 (Eastern Standard Time), 76.3
Sun Nov 01 2020 15:13:03 GMT-0500 (Eastern Standard Time), 76.1
Sun Nov 01 2020 15:14:03 GMT-0500 (Eastern Standard Time), 75.7
Sun Nov 01 2020 15:15:03 GMT-0500 (Eastern Standard Time), 75.6
Sun Nov 01 2020 15:16:03 GMT-0500 (Eastern Standard Time), 75.2
Sun Nov 01 2020 15:17:03 GMT-0500 (Eastern Standard Time), 74.8
Sun Nov 01 2020 15:18:03 GMT-0500 (Eastern Standard Time), 74.7
Sun Nov 01 2020 15:19:03 GMT-0500 (Eastern Standard Time), 74.3
Sun Nov 01 2020 15:20:03 GMT-0500 (Eastern Standard Time), 73.9
Sun Nov 01 2020 15:21:03 GMT-0500 (Eastern Standard Time), 73.9
Sun Nov 01 2020 15:22:03 GMT-0500 (Eastern Standard Time), 73.9
Sun Nov 01 2020 15:23:03 GMT-0500 (Eastern Standard Time), 73.9
Sun Nov 01 2020 15:24:03 GMT-0500 (Eastern Standard Time), 73.9
Sun Nov 01 2020 15:25:04 GMT-0500 (Eastern Standard Time), 74.1
Sun Nov 01 2020 15:26:04 GMT-0500 (Eastern Standard Time), 74.5
Sun Nov 01 2020 15:27:04 GMT-0500 (Eastern Standard Time), 74.7
Sun Nov 01 2020 15:28:04 GMT-0500 (Eastern Standard Time), 74.8
Sun Nov 01 2020 15:29:04 GMT-0500 (Eastern Standard Time), 75.2
Sun Nov 01 2020 15:30:04 GMT-0500 (Eastern Standard Time), 75.4
Sun Nov 01 2020 15:31:05 GMT-0500 (Eastern Standard Time), 75.6
Sun Nov 01 2020 15:32:05 GMT-0500 (Eastern Standard Time), 75.9
Sun Nov 01 2020 15:33:05 GMT-0500 (Eastern Standard Time), 76.1
Sun Nov 01 2020 15:34:05 GMT-0500 (Eastern Standard Time), 76.3
Sun Nov 01 2020 15:35:05 GMT-0500 (Eastern Standard Time), 76.3
Sun Nov 01 2020 15:36:05 GMT-0500 (Eastern Standard Time), 76.3
Sun Nov 01 2020 15:37:05 GMT-0500 (Eastern Standard Time), 76.3
Sun Nov 01 2020 15:38:05 GMT-0500 (Eastern Standard Time), 76.1
Sun Nov 01 2020 15:39:05 GMT-0500 (Eastern Standard Time), 75.7
Sun Nov 01 2020 15:40:05 GMT-0500 (Eastern Standard Time), 75.7
Sun Nov 01 2020 15:41:05 GMT-0500 (Eastern Standard Time), 75.4
Sun Nov 01 2020 15:42:06 GMT-0500 (Eastern Standard Time), 75.0
Sun Nov 01 2020 15:43:06 GMT-0500 (Eastern Standard Time), 74.8
Sun Nov 01 2020 15:44:06 GMT-0500 (Eastern Standard Time), 74.5
Sun Nov 01 2020 15:45:06 GMT-0500 (Eastern Standard Time), 74.3
Sun Nov 01 2020 15:46:06 GMT-0500 (Eastern Standard Time), 73.9
Sun Nov 01 2020 15:47:06 GMT-0500 (Eastern Standard Time), 73.6
Sun Nov 01 2020 15:48:07 GMT-0500 (Eastern Standard Time), 73.6
Sun Nov 01 2020 15:49:07 GMT-0500 (Eastern Standard Time), 73.6
Sun Nov 01 2020 15:50:08 GMT-0500 (Eastern Standard Time), 73.8
Sun Nov 01 2020 15:51:08 GMT-0500 (Eastern Standard Time), 73.9
Sun Nov 01 2020 15:52:08 GMT-0500 (Eastern Standard Time), 73.9
Sun Nov 01 2020 15:53:08 GMT-0500 (Eastern Standard Time), 74.3
Sun Nov 01 2020 15:54:09 GMT-0500 (Eastern Standard Time), 74.5
Sun Nov 01 2020 15:55:09 GMT-0500 (Eastern Standard Time), 74.8
Sun Nov 01 2020 15:56:09 GMT-0500 (Eastern Standard Time), 75.0
Sun Nov 01 2020 15:57:09 GMT-0500 (Eastern Standard Time), 75.2
Sun Nov 01 2020 15:58:10 GMT-0500 (Eastern Standard Time), 75.6
Sun Nov 01 2020 15:59:10 GMT-0500 (Eastern Standard Time), 75.7
Sun Nov 01 2020 16:00:10 GMT-0500 (Eastern Standard Time), 75.9
Sun Nov 01 2020 16:01:10 GMT-0500 (Eastern Standard Time), 76.1
Sun Nov 01 2020 16:02:10 GMT-0500 (Eastern Standard Time), 76.3
Sun Nov 01 2020 16:03:10 GMT-0500 (Eastern Standard Time), 76.3
Sun Nov 01 2020 16:04:11 GMT-0500 (Eastern Standard Time), 76.1
Sun Nov 01 2020 16:05:12 GMT-0500 (Eastern Standard Time), 76.1
Sun Nov 01 2020 16:06:12 GMT-0500 (Eastern Standard Time), 75.9
Sun Nov 01 2020 16:07:12 GMT-0500 (Eastern Standard Time), 75.6
Sun Nov 01 2020 16:08:13 GMT-0500 (Eastern Standard Time), 75.4
Sun Nov 01 2020 16:09:13 GMT-0500 (Eastern Standard Time), 75.0
Sun Nov 01 2020 16:10:13 GMT-0500 (Eastern Standard Time), 74.8
Sun Nov 01 2020 16:11:13 GMT-0500 (Eastern Standard Time), 74.5
Sun Nov 01 2020 16:12:14 GMT-0500 (Eastern Standard Time), 74.1
Sun Nov 01 2020 16:13:14 GMT-0500 (Eastern Standard Time), 73.8
Sun Nov 01 2020 16:14:15 GMT-0500 (Eastern Standard Time), 73.6
Sun Nov 01 2020 16:15:16 GMT-0500 (Eastern Standard Time), 73.6
